name,profile_pic
Scars on Broadway,https://i.scdn.co/image/ab6761610000e5eb52f65ce89efafab3f54cb5e3
Manowar,https://i.scdn.co/image/ab6761610000e5eba4780fe15900fbd223cd4f48
Real Estate,https://i.scdn.co/image/ab6761610000e5eb3f810104323e47fe6c8144b2
The Cinematic Orchestra,https://i.scdn.co/image/ab6761610000e5eb9e2576943e27fcddc3bb3646
Pearl Jam,https://i.scdn.co/image/ab6761610000e5eb122d1145d880736383742ebc
dredg,https://i.scdn.co/image/ab6761610000e5ebe2b4fb14ca6590f524926dbc
The Neighbourhood,https://i.scdn.co/image/ab6761610000e5ebdf0b5ac84376a0a4b2166816
Beatsteaks,https://i.scdn.co/image/ab6761610000e5eb7ffd8c896f1812a4277f29b3
Sick Puppies,https://i.scdn.co/image/ab6761610000e5ebfe2104e0eba94c43807ae72c
DANGERDOOM,https://i.scdn.co/image/135934b2b384817e7727d303c23a22dfe84ace90
Dinosaur Jr.,https://i.scdn.co/image/ab6761610000e5eb37625f8264394b10ec0eeed6
Julian Casablancas,https://i.scdn.co/image/e7a1396741154b787911a8c6c9ba21a6f5b55a5f
The Dillinger Escape Plan,https://i.scdn.co/image/ab6761610000e5ebfb994f3ad1f2a58320e9b422
30 Seconds to Mars,https://i.scdn.co/image/ab6761610000e5ebb774cdeee5ba949d86d6646e
Broken Social Scene,https://i.scdn.co/image/ab6761610000e5eb1f9e80256fb8109f202043ec
The Avett Brothers,https://i.scdn.co/image/ab6761610000e5eb90107bc970aad5a8b2a6dc40
Four Tet,https://i.scdn.co/image/ab6761610000e5eb84e29d09b4917bec2700a0d7
Faith No More,https://i.scdn.co/image/765ad08f23f828d1a850c47ac417d7be260af932
Ke$ha,https://i.scdn.co/image/ab6761610000e5eb8e32655d5ee8021c812b0f74
Toxic Holocaust,https://i.scdn.co/image/ab6761610000e5eb9d66c3b3f694bff68f45f23c
Hollywood Undead,https://i.scdn.co/image/ab6761610000e5eb7fa4eae2283454a067613275
Kanye West,https://i.scdn.co/image/ab6761610000e5eb867008a971fae0f4d913f63a
Air Traffic,https://i.scdn.co/image/ab6761610000e5eb6d0db28da3323978edc1036e
Talking Heads,https://i.scdn.co/image/e4c5b04fce8706c87663357b1f78522a3a5c641b
The Devil Wears Prada,https://i.scdn.co/image/ab6761610000e5ebacd3aff8fac0acaae76979f4
The Gathering,https://i.scdn.co/image/ab6761610000e5eb6318106c2f295f15719df689
Nile,https://i.scdn.co/image/ab6761610000e5ebc87c1edbfc3323c5878c53a0
Tool,https://i.scdn.co/image/ab6761610000e5eb13f5472b709101616c87cba3
Bruno Mars,https://i.scdn.co/image/ab6761610000e5ebc36dd9eb55fb0db4911f25dd
Him,https://i.scdn.co/image/bceb7fc52d4b64709d487f716befe43ef8273b1a
New Found Glory,https://i.scdn.co/image/ab6761610000e5eb83d2bd8df5ef51c19c48addb
Banks,https://i.scdn.co/image/ab6761610000e5eb391ee1027796dc018f25ec35
Blockhead,https://i.scdn.co/image/ab6761610000e5eb07fbed37ac4941e6d4fe4429
Sepultura,https://i.scdn.co/image/ab6761610000e5ebbb178dabf142a802276a572d
Watain,https://i.scdn.co/image/ab6761610000e5ebe3c73be8fc21207a1acd5f44
Mudvayne,https://i.scdn.co/image/ab6761610000e5eb2a429c982c2eba31463947df
Queen,https://i.scdn.co/image/b040846ceba13c3e9c125d68389491094e7f2982
Gang of Four,https://i.scdn.co/image/ab6761610000e5ebe425a8cbd1fd88d26cc542a9
Childish Gambino,https://i.scdn.co/image/ab6761610000e5eb3ef779aa0d271adb2b6a3ded
Belle and Sebastian,https://i.scdn.co/image/ab6761610000e5eb6a456088b3e6c53b6501502c
Simple Plan,https://i.scdn.co/image/ab6761610000e5eb14be52ba7ed12e0177ebe08b
Snow Patrol,https://i.scdn.co/image/ab6761610000e5ebe93b88b6103a78ede975ebbe
Converge,https://i.scdn.co/image/ab6761610000e5ebfa86807e9da3ef2f3645e073
Annihilator,https://i.scdn.co/image/423b0a413d344b5e520bda76606b535250f6c130
Dying Fetus,https://i.scdn.co/image/ab6761610000e5ebee1e1c92d5a4aa9646962e7d
Alice in Chains,https://i.scdn.co/image/ab6761610000e5eb6114a63659d0d5c0a801f733
Roadrunner United,https://i.scdn.co/image/ab6761610000e5ebc7856e245da586d1b6c3cf8d
Cradle of Filth,https://i.scdn.co/image/ab6761610000e5eb2c50d0efbcaedb6b050fa5e6
Van Morrison,https://i.scdn.co/image/ab6761610000e5eb5885f6c2d3ecf8e08bdfa472
The Killers,https://i.scdn.co/image/ab6761610000e5eb207b21f3ed0ee96adce3166a
Dave Matthews Band,https://i.scdn.co/image/ab6761610000e5ebc04724201a3cd1a81d7bba05
Titus Andronicus,https://i.scdn.co/image/ab6761610000e5ebf5796718ad87c027ea1ab44a
She & Him,https://i.scdn.co/image/ab6761610000e5eb40a191c72af5297781399fa1
My Dying Bride,https://i.scdn.co/image/ab6761610000e5eb4d3cd9dfb284b973eba13c3c
Neil Young,https://i.scdn.co/image/ab6772690000c46c49b91a07c864561ba7c78ba7
The Von Bondies,https://i.scdn.co/image/ab6761610000e5ebd33f4b7c2c984e710a87c71f
Old Mans Child,
Symphony X,https://i.scdn.co/image/ab6761610000e5eb54935264e9cf5607a3e98686
Opeth,https://i.scdn.co/image/ab6761610000e5eb3040441678d87d72616179d0
Plain White Ts,
Adam Lambert,https://i.scdn.co/image/ab6761610000e5eb28db24a4bb179c012b8ba113
Fear Factory,https://i.scdn.co/image/ab6761610000e5ebf4741f22953b530c38ac6c3f
Stevie Wonder,https://i.scdn.co/image/c59faacbed7aa770266bad048660810eca204108
Jens Lekman,https://i.scdn.co/image/ab6761610000e5eb4c04420430f3794ea43a0bc8
Owl City,https://i.scdn.co/image/ab6761610000e5eb13e712f07986a4a850e01c7f
Pantha du Prince,https://i.scdn.co/image/ab6761610000e5eb6770b20162cc13f9a58d20ef
Paolo Nutini,https://i.scdn.co/image/ab6761610000e5eb5b30c7c50a4dc96f5d5872d5
Britney Spears,https://i.scdn.co/image/ab6761610000e5eb4e7e6ded87a4e0f65b5afcec
Kate Bush,https://i.scdn.co/image/ab6761610000e5eb187017724e58e78ee1f5a8e4
Morrissey,https://i.scdn.co/image/cdbc12a6b10dbab32ed73d4979183e95f46ebeb2
Atoms for Peace,https://i.scdn.co/image/9b1ffc6a92b4c3e384b28e636acd6019de3854ca
The Album Leaf,https://i.scdn.co/image/ab6761610000e5ebcfd18605b6931bccb1e522ff
Gogol Bordello,https://i.scdn.co/image/ab6761610000e5eb1500190e317b674fc556ba46
Roxy Music,https://i.scdn.co/image/ab6761610000e5eb35572c81290a3e3d4a0906e3
Friendly Fires,https://i.scdn.co/image/ab6761610000e5eb0dc9b2da8529ee1bda8fe04b
Imagine Dragons,https://i.scdn.co/image/ab6761610000e5eb920dc1f617550de8388f368e
Ghost,https://i.scdn.co/image/ab6761610000e5eb6a6c34bd58bfd10b1e4557f0
Slowdive,https://i.scdn.co/image/ab6761610000e5eb7511ff94be3a6b231e61007b
Boston,https://i.scdn.co/image/051ffa17a5832586c6e0f8ee8a705ad15114e9c0
Eternal Tears of Sorrow,https://i.scdn.co/image/ab6761610000e5eb954c013615a9bff9d05be593
Chimaira,https://i.scdn.co/image/ab6761610000e5eb9167faf42f277522b2a8ac37
Team Sleep,https://i.scdn.co/image/ab67616d0000b2734b2a07c3a9b8230f687ca5ba
HammerFall,https://i.scdn.co/image/ab6761610000e5eb5cc9dba7c275fcb81f80f62e
Rilo Kiley,https://i.scdn.co/image/7b2813bb4afb38f0dab9470a514091fc4ef6b1a1
Behemoth,https://i.scdn.co/image/ab6761610000e5ebd9b6eca591c714e728194db6
Amesoeurs,https://i.scdn.co/image/ab67616d0000b27364da8ea4fbada64cdf82ac94
Whitechapel,https://i.scdn.co/image/ab6761610000e5eb98f8af4615dfad2a2fdd2222
Justin Bieber,https://i.scdn.co/image/ab6761610000e5eb8ae7f2aaa9817a704a87ea36
Mindless Self Indulgence,https://i.scdn.co/image/786910afed9a2c3589d522a062c64fb4197d55ca
The Jam,https://i.scdn.co/image/ee4cebe3c187f4f18502fd99b69e316c1caa2254
Venom,https://i.scdn.co/image/ab6772690000c46c3240dcaf6cdc08d76771553e
Manu Chao,https://i.scdn.co/image/ab6761610000e5eb4da81b8d141c6d4326368d8f
Jake Bugg,https://i.scdn.co/image/ab6761610000e5eba1206460462defc8e9c045f3
Animal Collective,https://i.scdn.co/image/ab6761610000e5ebb6998f7a38a091049a329ab3
Isis,https://i.scdn.co/image/10cab18501e3b00598e5464803d0de3654191ca4
Hinder,https://i.scdn.co/image/ab6761610000e5ebb36e61124d37a15925ed4f3c
R.E.M.,https://i.scdn.co/image/ab67616d0000b2735110772766145f7fa418c04c
The Presidents of the United States of America,https://i.scdn.co/image/ab6761610000e5eb5f58fb70bc91512a98ad530b
Portishead,https://i.scdn.co/image/05d3721739aee511a898081ab140daa7890a0120
Vital Remains,https://i.scdn.co/image/ab67616d0000b273063eb22c331de0fcf43309d7
Yes,https://i.scdn.co/image/ab6761610000e5eb59869e454c43c15971b3f480
Garbage,https://i.scdn.co/image/ab6761610000e5eb3bb09eeb97b323472241d512
The National,https://i.scdn.co/image/ab6761610000e5eb9699c00213f43700d61c0dbf
Skillet,https://i.scdn.co/image/ab6761610000e5eb21a7fcb28b16068ac7e7680a
Blood Red Shoes,https://i.scdn.co/image/ab6761610000e5ebc8f65869826d938a9918bb7b
James Blunt,https://i.scdn.co/image/ab6761610000e5eb38cfff556f458c0b655761ff
Lenny Kravitz,https://i.scdn.co/image/ab6761610000e5eb7e8726da6b15e258be59c13b
Everything Everything,https://i.scdn.co/image/ab6761610000e5ebd8138829dd459f4a4e1b2681
Santigold,https://i.scdn.co/image/ab6761610000e5eb8d7a5250b491f705d4f060b6
Black Label Society,https://i.scdn.co/image/ab6761610000e5ebca9e1ddb61172c1b9672567a
Emery,https://i.scdn.co/image/ab6761610000e5eb30d31a767dae0f3e9d367da8
Lily Allen,https://i.scdn.co/image/ab6761610000e5eb4816f55146bf03d294005165
IAMX,https://i.scdn.co/image/ab6761610000e5eb12bc1143569e4867e4d287a3
fun.,https://i.scdn.co/image/37bc85c957e17d3463ae40da1c8ade6bb5ecd546
A Silver Mt. Zion,https://i.scdn.co/image/ab67616d0000b273f45aa52a80eee950b885daa0
Jason Mraz,https://i.scdn.co/image/ab6761610000e5ebc3b370fc26c83312db52af14
The Strokes,https://i.scdn.co/image/ab6761610000e5ebcaea403b29f6a09260b6a18a
Jack Johnson,https://i.scdn.co/image/ab6761610000e5eb9555a0b3231117c8cde1fca7
Seether,https://i.scdn.co/image/ab6761610000e5eb5db5a44768e9eb6fb4f415f9
Mew,https://i.scdn.co/image/ab6761610000e5eb94e9e7cff50fde27c86dc0b2
Arcade Fire,https://i.scdn.co/image/ab6761610000e5eba044e15eee771205956dcbf8
Eric B. & Rakim,https://i.scdn.co/image/3749993d2b60bbbaa02602a09737f2107cbae4dd
Metallica,https://i.scdn.co/image/ab6761610000e5eb69ca98dd3083f1082d740e44
Explosions in the Sky,https://i.scdn.co/image/41e471a24fdd4182ddd9463ba379b45ca0b75c64
Avenged Sevenfold,https://i.scdn.co/image/ab6761610000e5ebe8ff09aeb4a345c03ff560b6
Dissection,https://i.scdn.co/image/ab67616d0000b273cad433e69c8a8d3ced0c195a
The Gaslight Anthem,https://i.scdn.co/image/ab6761610000e5eb6e8b0c6a8eb524a5db7c340f
Queens of the Stone Age,https://i.scdn.co/image/ab6761610000e5eb909b2c4b7c768ee03445cd10
Blackfield,https://i.scdn.co/image/ab6761610000e5eb2ac16a4965e159614d5dbea4
Suffocation,https://i.scdn.co/image/ab6761610000e5eb5e6ef7f8ca2bc8705882b483
Avantasia,https://i.scdn.co/image/ab6761610000e5ebb678d5904bcb79a1f5695b28
The War on Drugs,https://i.scdn.co/image/ab6761610000e5eb03ef469bbf290d048e6c521d
Biffy Clyro,https://i.scdn.co/image/ab6761610000e5eb5a8702315c7ddff8eb7b69ba
Amy Winehouse,https://i.scdn.co/image/ab6761610000e5eb2ceb023b10da17590878e88c
Belphegor,https://i.scdn.co/image/ab6761610000e5eb2ab1a7b9329f83536f952214
MxPx,https://i.scdn.co/image/ab6761610000e5ebd27e7ccd2621732d0acdd01a
Ladyhawke,https://i.scdn.co/image/ab6761610000e5eb17fb8001500809e04fc16728
Fair to Midland,https://i.scdn.co/image/ab6761610000e5eb035603d1a8f99acc52070d32
Joy Division,https://i.scdn.co/image/5eeddd733170399db794d2c430a8d2cde7ae1425
Eric Clapton,
Caribou,https://i.scdn.co/image/ab6761610000e5ebf9da16d673af005d53bab9cc
Trentemøller,
Jamiroquai,https://i.scdn.co/image/ab6761610000e5eb7e6dca959714339b69e9718d
Graveworm,https://i.scdn.co/image/ab6761610000e5ebfa3e33b9e2d93f48538fd137
Amethystium,https://i.scdn.co/image/ab6761610000e5eb9e0df788f20ffa322584bf36
Antony and the Johnsons,https://i.scdn.co/image/b299b2dbeda8a552953bc7527cc9f3f77485fb08
All That Remains,https://i.scdn.co/image/ab6761610000e5ebce4ee51fdce7ddfab76ab25f
Leftfield,https://i.scdn.co/image/ab6761610000e5eb268b59428f3f0223910ab358
Die Antwoord,https://i.scdn.co/image/ab6761610000e5ebac3c7666cafe0b2918bc6fd5
Kalmah,https://i.scdn.co/image/ab6761610000e5eb647f292467eb1184509a52df
Cypress Hill,https://i.scdn.co/image/ab6761610000e5ebcc9097281a479a76d696c5bf
Mercury Rev,https://i.scdn.co/image/9d1264b7245fddbbe7559bbb0b91205b93d0fbce
Dave Matthews,https://i.scdn.co/image/ab6761610000e5eb908e03cec91a7459bef6db6c
M. Ward,https://i.scdn.co/image/ab6761610000e5eb1c56208e3f60849e0adac5fb
The Cool Kids,https://i.scdn.co/image/ab6761610000e5ebd23d421b67f2a2757261dcdc
The Bloody Beetroots,https://i.scdn.co/image/ab6761610000e5ebcd5e6bc23b412eb0a14d8cbd
Gwen Stefani,https://i.scdn.co/image/ab6761610000e5eb71a84376c2d99dbc4eba4097
2Pac,https://i.scdn.co/image/ab6761610000e5eb7f5cc432c9c109248ebec1ac
Three Days Grace,https://i.scdn.co/image/ab6761610000e5eb3626be769b238e2a35010613
Mando Diao,https://i.scdn.co/image/ab6761610000e5ebed2b66ca7ed6089f31ed951a
Blitzen Trapper,https://i.scdn.co/image/ab6761610000e5eb9de5b2f50e3d0d1503217aaf
Deathstars,https://i.scdn.co/image/ab6761610000e5eb5ed411f661d256549c8d6669
Dark Tranquillity,https://i.scdn.co/image/ab6761610000e5eb586e5c97bb593365e6e63a19
1349,https://i.scdn.co/image/ab6761610000e5eb7bc099045ff0a57585718e7b
Sublime,https://i.scdn.co/image/ab6761610000e5ebe726280500259dbdb97a8be4
The Used,https://i.scdn.co/image/ab6761610000e5eb779c0b2354fc5392c1378290
Riverside,https://i.scdn.co/image/ab6761610000e5eb4095e0f487f93541ab8ab7f5
Andrew Bird,https://i.scdn.co/image/ab6761610000e5eb4bb6b07ebb49a29e623961f4
Tricky,https://i.scdn.co/image/ab6761610000e5eb4d984aa9a0e818883be927fa
Placebo,https://i.scdn.co/image/ab6761610000e5ebc8b42133fea50275b77f45e2
Department of Eagles,https://i.scdn.co/image/a8f078b083651e5fcb5c587c84cc93558be473d8
Young Jeezy,https://i.scdn.co/image/ab6761610000e5eb075a4c9d6da66addd8247c12
John Lennon,https://i.scdn.co/image/ab6761610000e5eb207c6849d1a1f4480e6aa222
Nickelback,https://i.scdn.co/image/ab6761610000e5eb6fd63d17d5f242226134ae2f
Rich Boy,https://i.scdn.co/image/ab6761610000e5eb2527476bfc500554abdd9b76
Monsters of Folk,https://i.scdn.co/image/e690727eeb41bc622d7fdd4cf9d0d0eec96e7b9d
Story of the Year,https://i.scdn.co/image/ab6761610000e5eb1ac582762e74510cfd6ef254
Ihsahn,https://i.scdn.co/image/ab6761610000e5ebadb85daa22017a04b58bfd4b
Panic! at the Disco,https://i.scdn.co/image/ab6761610000e5ebb256ae9a4b82bfff97776ae2
Imogen Heap,https://i.scdn.co/image/ab6761610000e5eb4622b02ee5bd6a21f50ca323
Foreigner,https://i.scdn.co/image/ab6761610000e5ebb338d6964565206f741d5ad1
Kamelot,https://i.scdn.co/image/ab6761610000e5eb5f878a0070d7800c18a508b7
Bombay Bicycle Club,https://i.scdn.co/image/ab6761610000e5eba1e8ffca413c1f2e32816ce9
Adele,https://i.scdn.co/image/ab6761610000e5eb68f6e5892075d7f22615bd17
Lloyd Banks,https://i.scdn.co/image/ab6761610000e5eb4dbfafbe6ba3be068253da72
Saliva,https://i.scdn.co/image/ab6761610000e5eb12cd146fa4b0b2d59cf95763
The Haunted,https://i.scdn.co/image/7420f54609074fa8c1dac256afccdc65f670eef2
Hey Monday,https://i.scdn.co/image/e47e1a0e032a7887d4ea67a0bc609f4d730072fa
Iron & Wine,https://i.scdn.co/image/ab6761610000e5eb6a521312add75461d989f671
David Gilmour,https://i.scdn.co/image/ab6761610000e5eb1dfc5a9665cd11bc0dd026fc
Thievery Corporation,https://i.scdn.co/image/ab6761610000e5eb3d9378b0995517ff9f4f2354
Ratatat,https://i.scdn.co/image/2f0c6c465a83cd196e651e3d4e7625ba799a6f60
Okkervil River,https://i.scdn.co/image/ab6761610000e5ebbec156d8fa13cc7850f4eb80
Hooverphonic,https://i.scdn.co/image/ab6761610000e5eb1f66a237db39260155162f93
Dirty Projectors,https://i.scdn.co/image/ab6761610000e5ebef25da450464164f5cd5158b
Marduk,https://i.scdn.co/image/ab6761610000e5eb81fbd8862f63e28c41ca98e8
Ariel Pinks Haunted Graffiti,
Paramore,https://i.scdn.co/image/ab6761610000e5ebb10c34546a4ca2d7faeb8865
Asher Roth,https://i.scdn.co/image/ab6761610000e5eb37f158d1dc827c9f752758eb
Nine Inch Nails,https://i.scdn.co/image/ab6761610000e5eb047095c90419cf2a97266f77
Baroness,https://i.scdn.co/image/ab6761610000e5ebc90690b1e0ab1f4b0ff873cb
Raekwon,https://i.scdn.co/image/03463cee551c78964f76b0067307fba60982129e
Young Money,https://i.scdn.co/image/ca134959a6212f3931540a4c59a08e5c0774978d
Jonny Greenwood,https://i.scdn.co/image/ab6761610000e5ebacbb7bcb7ea82f111bb72b8b
Moonsorrow,https://i.scdn.co/image/fa08993cd346db9038825b57fbc9cfed48bf4cef
Blur,https://i.scdn.co/image/ab6761610000e5eb00620d736644d2359ce99430
Regina Spektor,https://i.scdn.co/image/ab6761610000e5eba36a9f95d59ab791d5e897e9
Darkthrone,https://i.scdn.co/image/ab6761610000e5ebd0991bc5507f52e4b9bb6d54
The Dandy Warhols,https://i.scdn.co/image/ab6761610000e5eb918734ca6f0f14803c7d8922
Cavalera Conspiracy,https://i.scdn.co/image/ab6761610000e5ebd93429df94b98f1f457f2856
Black Eyed Peas,https://i.scdn.co/image/ab6761610000e5ebabab30b094128cf4c0f2cef1
Arkona,https://i.scdn.co/image/ab6761610000e5eb1e1dab9447f2869f9d918afa
Windir,https://i.scdn.co/image/ab67616d0000b273eed5a8b7edfd7d53811290e4
The Lumineers,https://i.scdn.co/image/ab6761610000e5ebc79f78fd72a3e5faf699a8be
Papa Roach,https://i.scdn.co/image/ab6761610000e5eb48214edcac1d4e701870592a
Fugees,https://i.scdn.co/image/dd757e1fca99ac0a3da9aa6c2969bc696cc672ce
Glen Hansard,https://i.scdn.co/image/ab6761610000e5eb201ed371ffe6e43537a011c3
Death,https://i.scdn.co/image/b1ad9718b69b4c75164d418bde0cf3aa1566ac92
The Modern Lovers,https://i.scdn.co/image/ab6761610000e5eb888dd74cbfd6fbadc55468db
Quantic,https://i.scdn.co/image/ab6761610000e5eb9729e45229f59ed85658fc00
Thursday,https://i.scdn.co/image/ab6761610000e5eb53ba2ab0f6bbc4c1ac845ebb
The Bouncing Souls,https://i.scdn.co/image/ab6761610000e5eb9d0a1b18c03672e622b07cd4
Paradise Lost,https://i.scdn.co/image/ab6761610000e5ebee02e036e8fc0d01f8b34da1
Deerhunter,https://i.scdn.co/image/ab6761610000e5eb727da41cb6678334bb64a7da
The New Pornographers,https://i.scdn.co/image/ab6761610000e5eb6f6a4f32a57c117d45d1c0de
Cobra Starship,https://i.scdn.co/image/ab6761610000e5ebc48ae32aff5303453105b2d3
Atlas Sound,https://i.scdn.co/image/3b7f3bcbc45c01cfcd3e8caae7f45b0fe776d6b1
TV on the Radio,https://i.scdn.co/image/b13e733ea4dad41a53bf1b4eedb8ba6ca8d3dc84
Boys Noize,https://i.scdn.co/image/ab6761610000e5eb9a445233849720a4e91e5824
Whitesnake,https://i.scdn.co/image/ab6761610000e5eb1cc545458190efc44f48035f
Tsjuder,https://i.scdn.co/image/ab6761610000e5eb8d4f08e24def848163d08f86
Johnny Cash,https://i.scdn.co/image/ab6761610000e5eb152cf48cf9541c7061570857
Surfer Blood,https://i.scdn.co/image/ab6761610000e5eb2ed4f19095f642b8d694b78e
This Will Destroy You,https://i.scdn.co/image/ab6761610000e5eb46e3f5ab6b32724407b8701b
Otep,https://i.scdn.co/image/ab6761610000e5ebc8225a9adb7b9e045d30897d
Amiina,https://i.scdn.co/image/ab6761610000e5eb8bf2ebe5ac8d81d012b265b5
U2,https://i.scdn.co/image/ab6761610000e5ebbfdf5b8c863b5f8c4519e032
Vader,https://i.scdn.co/image/ab6772690000c46c9d4cd3b704d5fdea23b0ea76
Flying Lotus,https://i.scdn.co/image/ab6761610000e5eb8d1330444720d6edffa07068
Avril Lavigne,https://i.scdn.co/image/ab6761610000e5eb7462d94efa2db53abba8c003
Linkin Park,https://i.scdn.co/image/ab6761610000e5eb811da3b2e7c9e5a9c1a6c4f7
Metronomy,https://i.scdn.co/image/ab6761610000e5eb86dd27699ca06ca87a355c62
Leonard Cohen,https://i.scdn.co/image/ab6761610000e5ebd09c1295779cfb71683cee99
Burial,https://i.scdn.co/image/ab6761610000e5eb4be7334b7aed9ca32a732aeb
Yndi Halda,https://i.scdn.co/image/d5ad71acf6522bb9d215ef69cd367fd12111a1dc
Soulwax,https://i.scdn.co/image/ab6761610000e5ebe3117b22185c5f81a35dfc89
Tokyo Police Club,https://i.scdn.co/image/ab6761610000e5ebd4f24429cc753d80c3e22eb8
Lynyrd Skynyrd,https://i.scdn.co/image/ab6761610000e5eb451eb07ddc6e68d3e474c2bf
Camel,https://i.scdn.co/image/3f9436752f7276b9c468f0aed5dbbf2d9c95386f
Every Time I Die,https://i.scdn.co/image/ab6761610000e5eb89a83408f912aa7448361519
Noah and the Whale,https://i.scdn.co/image/76ea79b6425f380ffe66f1665881529a15213a5d
AC/DC,https://i.scdn.co/image/ab6761610000e5ebc4c77549095c86acb4e77b37
The Jesus and Mary Chain,https://i.scdn.co/image/ab6761610000e5eb79d4757188e2405b5d283752
Tom Petty and The Heartbreakers,https://i.scdn.co/image/ab6761610000e5ebfabc6315ae43968729ce9e36
ABBA,https://i.scdn.co/image/ab6761610000e5eb6c6380e782ed89db8754cf2a
Blut aus Nord,https://i.scdn.co/image/029b877f7f45df775b0029c3d87de1fe3b01c169
No Age,https://i.scdn.co/image/ab6761610000e5eb3691af9ac5da240dc22e877a
Rogue Wave,https://i.scdn.co/image/ab6761610000e5eb120a41a71afb2bab3aeab4e7
New Order,https://i.scdn.co/image/ab6761610000e5eba080a8e96758f416301578f9
Primus,https://i.scdn.co/image/ab6761610000e5eb54ed648a0c70ed8910840f4a
Bastille,https://i.scdn.co/image/ab6761610000e5ebfb7a0fe5a0e33cf5325fcd91
The Rocket Summer,https://i.scdn.co/image/ab6761610000e5ebd9d4b95e73a17da19096038d
Wolf Parade,https://i.scdn.co/image/ab6761610000e5ebe0ee9d6c0075af4fabb763bb
Devendra Banhart,https://i.scdn.co/image/ab6761610000e5eb16b6e5a4762df3da0b553280
The Chemical Brothers,https://i.scdn.co/image/ab6761610000e5ebae05213e52565bfd7e7489b3
Creed,https://i.scdn.co/image/a8e1ecca8c64abce46d504284424b6e910fc0f40
Delphic,https://i.scdn.co/image/17d460aafd55c63b4a5c311b9aa3462adee2946a
Beach House,https://i.scdn.co/image/ab6761610000e5ebb3e38a46a56a423d8f741c09
Alicia Keys,https://i.scdn.co/image/ab6761610000e5ebe2be4a270f9ec57fef30a8ad
Dimmu Borgir,https://i.scdn.co/image/ab6761610000e5ebd61bda1ccb2bc5993a834ab0
James Blake,https://i.scdn.co/image/ab6761610000e5eb568ef832399d06317da80a85
alt-J,https://i.scdn.co/image/ab6761610000e5eb3fb5214e667e278a20878a6b
Autechre,https://i.scdn.co/image/ab6761610000e5ebcc2ac6a72239bf358e794d47
Do Make Say Think,https://i.scdn.co/image/ab6772690000c46c88512beab8b7ff34f5c71216
65daysofstatic,https://i.scdn.co/image/ab6772690000c46cabeceb21c1d174433777c678
Owen Pallett,https://i.scdn.co/image/ab6761610000e5ebb0cd907aed889dc9365f73bd
The Cure,https://i.scdn.co/image/7ca743e822b80133971ccf5c70fcbd77a4f4f508
Dark Funeral,https://i.scdn.co/image/ab6761610000e5ebd098e8993e32b3cefabf00f6
Mumford & Sons,https://i.scdn.co/image/ab6761610000e5eb87ac264d392a72af95ca9fdb
Air France,https://i.scdn.co/image/ab67616d0000b273a78bff67f84fdcbd3afb32e2
Porcupine Tree,https://i.scdn.co/image/ab6761610000e5ebc4f72407be5d96db73982400
Deafheaven,https://i.scdn.co/image/ab6761610000e5ebc40165fd95db5b5eb2d29591
The Specials,https://i.scdn.co/image/ab6761610000e5ebbad1000a404691aa30d17fb2
Negură Bunget,
Ben Kweller,https://i.scdn.co/image/ab6761610000e5eb2f5c2e69f02a4f70dc3fc732
Taking Back Sunday,https://i.scdn.co/image/ab6761610000e5ebaf5a3cb16e57a2a815a6207d
Mogwai,https://i.scdn.co/image/ab6761610000e5ebae7e4f81c7fe0747a61722ed
Atheist,https://i.scdn.co/image/ab6761610000e5eb7252e1338b894e7de008897c
Bonobo,https://i.scdn.co/image/ab6761610000e5eb37af35b51a7c9b689d86779a
Pulp,https://i.scdn.co/image/274a6b04d4086699f74f761b7932adf122c5619e
Disturbed,https://i.scdn.co/image/ab6761610000e5eb012addc95f5b2e7283f45446
Blackalicious,https://i.scdn.co/image/ab6761610000e5eb772e43ea0f6e9e2e03eef2f5
Russian Circles,https://i.scdn.co/image/ab6761610000e5eb4135811d6dba8cd9d1a1725f
Franz Ferdinand,https://i.scdn.co/image/ab6761610000e5ebda4df4a711bb9f47722b7706
Samuel Barber,https://i.scdn.co/image/706c37ad9b22c417bdbff2cc0611c1dcb54fcaa4
Hot Chip,https://i.scdn.co/image/ab6761610000e5eb8fafb476bf054a1ec1c3b678
In Flames,https://i.scdn.co/image/ab6761610000e5eb5c3bd919d1344a738af14136
Amy Macdonald,https://i.scdn.co/image/ab6761610000e5eb66b39d5eb23e008bb6f293e6
Portugal. The Man,https://i.scdn.co/image/ab6761610000e5ebaa5158dfcf3ea13614efe5d1
Queensrÿche,
Birdy,https://i.scdn.co/image/ab6761610000e5eb778483686ae247c1906f02fb
RJD2,https://i.scdn.co/image/ab6772690000c46c2e0662f18cc4b8676f3ecedd
Van Halen,https://i.scdn.co/image/ab6761610000e5ebd8475001d2700686e1008dfb
Alexisonfire,https://i.scdn.co/image/ab6761610000e5eb168440c735d225dd60f4274a
Fugazi,https://i.scdn.co/image/0234b34b265a6ec22de6b4ebb52abc4d6c9d7371
The Velvet Underground,https://i.scdn.co/image/677676052b80931c35666be501d1f0d5c97397c9
Trivium,https://i.scdn.co/image/ab6761610000e5ebb3a5f891ffd71672d0e99e26
Jethro Tull,https://i.scdn.co/image/ab6761610000e5ebb94631f08038eac322c090f0
Ray LaMontagne,https://i.scdn.co/image/ab6761610000e5eb44ede429cd4a7a2bda7e6156
Forever the Sickest Kids,https://i.scdn.co/image/ab6761610000e5eb1455bb406c84be3ee3a11986
MSTRKRFT,https://i.scdn.co/image/ab6761610000e5ebb32dc9a5cff61e0a4dae728b
Dire Straits,https://i.scdn.co/image/ab6761610000e5eb4bdaa8c5e65b64f50549c393
Little Dragon,https://i.scdn.co/image/ab6761610000e5eb15f9f1a4c029e472affd6d8a
Elton John,https://i.scdn.co/image/ab6761610000e5eb0a7388b95df960b5c0da8970
The Hold Steady,https://i.scdn.co/image/ab6761610000e5ebce36dcfc2b5c47398e1688c1
Hatebreed,https://i.scdn.co/image/ab6761610000e5eb0b7d0e729ac45ee597b844dc
Hypocrisy,https://i.scdn.co/image/ab6761610000e5ebcd3fbb6bed8710b2c84daa75
Satyricon,https://i.scdn.co/image/ab6761610000e5eba94c5adbcde324050f50fca9
Morbid Angel,https://i.scdn.co/image/ab6761610000e5eb6516fa79653190466aed168a
The Raconteurs,https://i.scdn.co/image/1b222f51466c099834dfde3b8648d61e2fb82678
Muse,https://i.scdn.co/image/ab6761610000e5eb0accbbe13e1aa147dd27671c
Marina & the Diamonds,https://i.scdn.co/image/ab6761610000e5ebc28e02e9bb9bf19358669fef
Ólafur Arnalds,
Testament,https://i.scdn.co/image/ab67616d0000b273a8925a77641952f9bc62324c
The Vaccines,https://i.scdn.co/image/ab6761610000e5eb8028b9d2e1e940c8923a1327
Digitalism,https://i.scdn.co/image/ab6761610000e5eb5f592fa7bcfc1940f1c32021
Napalm Death,https://i.scdn.co/image/ab6761610000e5eb96715609a206e464a5a2e6a7
Edward Sharpe & The Magnetic Zeros,https://i.scdn.co/image/a463748ab96b61a7b839d1e4328e2d33e9a512c6
Bleeding Through,https://i.scdn.co/image/ab6761610000e5eb7481e74c38d69c9fb68c649c
Necrophagist,https://i.scdn.co/image/ab67616d0000b273e42d47126a49d56db3c9364c
Passion Pit,https://i.scdn.co/image/ab6761610000e5ebeccf9bbcdcf7b750f6a6c687
The Black Crowes,https://i.scdn.co/image/ab6761610000e5eb1202580c944efb0b9c14dfd0
Dustin OHalloran,
Dido,https://i.scdn.co/image/ab6761610000e5eb87150e785bd32b08bf0ba550
Gossip,https://i.scdn.co/image/a3f20b0fca463b9e86e0962df199ba82b2ee115a
Meshuggah,https://i.scdn.co/image/ab6761610000e5eb2198c33d521ca13e0204b789
The Knife,https://i.scdn.co/image/ab6761610000e5ebac528fa9a19961733193cbf7
Flogging Molly,https://i.scdn.co/image/ab6761610000e5eb0024ccb466aa62503fa9f3e2
Animals as Leaders,https://i.scdn.co/image/ab6761610000e5eb720141a7b1a39da1cfa735a5
Chevelle,https://i.scdn.co/image/ab6761610000e5eb6411cad01afe7d60b448dabc
The Ataris,https://i.scdn.co/image/93bd076c5b3dd2bab504b02c59f467726a013557
The Kills,https://i.scdn.co/image/ab6761610000e5eb312731b2e76f6b83976914c7
50 Cent,https://i.scdn.co/image/dd031b9c5d1b6eba4a691cd89c954255aae787f2
Misfits,https://i.scdn.co/image/ab6761610000e5eb030d67ff9576754ff230b2c0
Iggy Pop,https://i.scdn.co/image/ab6761610000e5eb21e6d14c3d8aab9887380d00
Chet Faker,https://i.scdn.co/image/ab6761610000e5ebc13184d93aadf5ad6344e900
Battles,https://i.scdn.co/image/ab6761610000e5ebb83b1843369a3e33b6c28834
Röyksopp,
Scar Symmetry,https://i.scdn.co/image/ab6761610000e5ebd409ce50674d3d43b50c852e
Panda Bear,https://i.scdn.co/image/ab6761610000e5ebba7c474db95d4fd115bbf6f1
Yann Tiersen,https://i.scdn.co/image/ab6761610000e5eb68f9f1d20b6ad0f4c4c27ba6
"Crosby, Stills, Nash & Young",
"Earth, Wind & Fire",
St. Vincent,https://i.scdn.co/image/ab6761610000e5eb7cc26e31b27189be2b179fee
Kylie Minogue,https://i.scdn.co/image/ab6761610000e5eb8fba8ba5daf99cad45ca354b
Foo Fighters,https://i.scdn.co/image/ab6761610000e5ebc884df599abc793c116cdf15
Dead Mans Bones,
Soilwork,https://i.scdn.co/image/ab6761610000e5eb00d683871c6271df627797e0
Limp Bizkit,https://i.scdn.co/image/4654955890cb62a6abe9daadfd2b3ecdee8036e4
Billy Talent,https://i.scdn.co/image/ab6761610000e5eb8258da65d03c3638cb6fe484
Eluveitie,https://i.scdn.co/image/ab6761610000e5ebe8581fc1b573119b7eb0b69b
Sting,https://i.scdn.co/image/2034aaeb9547f05caa8579eba0c574e702ca38e7
Naglfar,https://i.scdn.co/image/ab6761610000e5ebf09d120b6dc89fffbcb82e04
Beth Gibbons & Rustin Man,https://i.scdn.co/image/ab6761610000e5ebbceb4bbb7796939613709aca
All Time Low,https://i.scdn.co/image/ab6761610000e5ebc8ae9b7a451d74da872bb3ac
The Mountain Goats,https://i.scdn.co/image/ab6761610000e5eb6db1822d6a897e18deb92716
Kid Cudi,https://i.scdn.co/image/ab6761610000e5eb876faa285687786c3d314ae0
"Emerson, Lake & Palmer",
Dream Theater,https://i.scdn.co/image/ab6761610000e5eb881f3d1db94c120edca60a65
Bauhaus,https://i.scdn.co/image/9676688ae196b8abf4ed89ce6620a7ad04027095
George Michael,https://i.scdn.co/image/ab6761610000e5ebf8b74c36ba6c31fc0f58783c
Fatboy Slim,https://i.scdn.co/image/ab6761610000e5ebbbb4a8ed961af5b1989e2b6a
Rachael Yamagata,https://i.scdn.co/image/ab6761610000e5eb9236c8060febc7d7fc7ea8c4
Ellie Goulding,https://i.scdn.co/image/ab6761610000e5eb854b6139b96beb6dbc398e06
The Crystal Method,https://i.scdn.co/image/ab6761610000e5ebd12e8c61240cbd023dee7743
OutKast,https://i.scdn.co/image/ab6761610000e5eb0cb3f95b9f8f7337e135a925
Sonata Arctica,https://i.scdn.co/image/ab6761610000e5eb3fbf0e99810fd08db41644b9
Era,https://i.scdn.co/image/ab6761610000e5eb47d6bf6d840974e8a20f8f13
Liquid Tension Experiment,https://i.scdn.co/image/ab6761610000e5ebcbbba8ab610284a56cc29103
Goldfrapp,https://i.scdn.co/image/ab6761610000e5eb242b3af6c6d4d944ff8739a2
Agathodaimon,https://i.scdn.co/image/ab6761610000e5ebc4c0f904088b404489f02ef1
Hercules and Love Affair,https://i.scdn.co/image/ab6761610000e5ebf5fdcc58014d4a231b381ba8
Nas,https://i.scdn.co/image/ab6761610000e5ebf7d9deb32a290a5ba574ee1c
Pink Floyd,https://i.scdn.co/image/e69f71e2be4b67b82af90fb8e9d805715e0684fa
Echo & the Bunnymen,https://i.scdn.co/image/397489fba8899aa52cadb0f62662603f96065446
The Stooges,https://i.scdn.co/image/1d9f0cf8e6d8d51f28369eccd78dca2882fb0d83
Nero,https://i.scdn.co/image/ab6761610000e5eb2ab90dd305592df399ac066a
Mount Eerie,https://i.scdn.co/image/ab6772690000c46ce522ccd23c2aa1c6dff0a915
New Young Pony Club,https://i.scdn.co/image/ab6761610000e5eb90dc47d5b3264a3fb09835c3
Coldplay,https://i.scdn.co/image/ab67616d0000b273e028ce4b5e44b51fb326f408
Paul Simon,https://i.scdn.co/image/ab6761610000e5ebddc148cfa465c2065846c636
George Harrison,https://i.scdn.co/image/ab6761610000e5eb7fda8adcbe0cd99ec83a3bcf
Audioslave,https://i.scdn.co/image/ab6761610000e5eb5a865295befda9e060a72cb0
Rufus Wainwright,https://i.scdn.co/image/ab6761610000e5ebc923f0b05284f5517ef9c56d
Cansei de Ser Sexy,https://i.scdn.co/image/ab6761610000e5eb47194c726ca0748b979c181c
The Maccabees,https://i.scdn.co/image/7446b5ed44788a95db015fda010a94a824d61d35
The Dresden Dolls,https://i.scdn.co/image/ab6761610000e5ebaeb8e49a6a06b46ebc7c0311
Feist,https://i.scdn.co/image/ab6761610000e5ebe062176ee3682ca24d6fddd7
The Clash,https://i.scdn.co/image/ab470b275daa38351810a1eb91d107ebdb821302
The Script,https://i.scdn.co/image/ab6761610000e5ebf01bf904b446e4a043acb867
Captain Beefheart & His Magic Band,https://i.scdn.co/image/49afcbded4da4e8f8508fb499422beb3141147a2
Django Django,https://i.scdn.co/image/ab6761610000e5eb94a3077a57a483548ae62792
Operation Ivy,https://i.scdn.co/image/0a33246dcb24eccf1f6bfe3386e4efea7adc0f16
3 Doors Down,https://i.scdn.co/image/ab6761610000e5eb7b1f0844624ba53e28129e8d
Red,https://i.scdn.co/image/ab6761610000e5eb88549bbfac1d49a197b2af41
mewithoutYou,https://i.scdn.co/image/ab6761610000e5ebe03d502190e35ac58c18d339
Norther,https://i.scdn.co/image/ab67616d0000b273f4cfd0b888bc7fd8c3cebf5f
Carole King,https://i.scdn.co/image/813fde33623cbfd065053789cf1ffb22b55efd4a
Ariana Grande,https://i.scdn.co/image/ab6761610000e5ebcdce7620dc940db079bf4952
Bloodbath,https://i.scdn.co/image/ab6761610000e5eb433f1d31a14a705c82cb0d35
Korn,https://i.scdn.co/image/ab6761610000e5eb29af2ffb6f4ddd6324f878bc
Helloween,https://i.scdn.co/image/ab6761610000e5ebcab673050b3f161eb7688c32
Wintersun,https://i.scdn.co/image/5fd7a5ec182b1c4f19ac3fa08aae8afb022cb71d
The Black Keys,https://i.scdn.co/image/ab6761610000e5ebae537808bd15be9f7031e99b
Yeasayer,https://i.scdn.co/image/ab6761610000e5eba4a87976d805eae87bc9df63
Bruce Springsteen,
Jay-Z,https://i.scdn.co/image/ab6761610000e5ebc75afcd5a9027f60eaebb5e4
Cream,https://i.scdn.co/image/aab6a0a0e9ca2ab17460b0451e59ba507cc5802a
Anaal Nathrakh,https://i.scdn.co/image/ab6761610000e5eb3e27041fb0a3e1fc231ddb94
Sia,https://i.scdn.co/image/ab6761610000e5ebec40474426f4401a4203dc9f
Dethklok,https://i.scdn.co/image/ab67616d0000b273533644c194069d80a08109cf
Iron Maiden,https://i.scdn.co/image/ab6761610000e5ebdc52c8e309e46aa8430a0fa0
Coheed and Cambria,https://i.scdn.co/image/ab6761610000e5ebe63ceef20dce0ac6522c4011
Madonna,https://i.scdn.co/image/ab6761610000e5eb4b36d28b55620959821f4a5b
Damien Rice,https://i.scdn.co/image/2e30a95ed5539cc08cc339439a596db30304d31a
Sheryl Crow,https://i.scdn.co/image/ab6761610000e5ebf27acad0bc622073d9cab662
Ulrich Schnauss,https://i.scdn.co/image/ab6772690000c46cc5d24466883924521db43677
Green Day,https://i.scdn.co/image/ab6761610000e5eb047eac333eff0be4abe32cbf
Fleetwood Mac,https://i.scdn.co/image/ab6761610000e5eb249d55f2d68a44637905c57e
Mötley Crüe,
Modest Mouse,https://i.scdn.co/image/ab6761610000e5eb3ff03c042ca55bcc7e7f490e
Jim Sturgess,
Massive Attack,https://i.scdn.co/image/c8bbeedb05f38ae5cb982a7daf4bf7129cca892c
Primordial,https://i.scdn.co/image/ab6761610000e5eb9891b2439f1f34d776adcc9f
A Tribe Called Quest,https://i.scdn.co/image/ab6761610000e5eb774d73ae6796b6f437d89db9
The Shins,https://i.scdn.co/image/ab6761610000e5eb6c87e9e995eedad42e73dcc4
Fiona Apple,https://i.scdn.co/image/ab6761610000e5ebf178cbda9bd9a389581ff021
Shwayze,https://i.scdn.co/image/ab6761610000e5ebfcddd72aac2acb97d8bf6c08
The Rapture,https://i.scdn.co/image/0d5f9ab947edf8f3f7957086668af63b7c239532
Xiu Xiu,https://i.scdn.co/image/ab6761610000e5eb5696354ef71a9811acfd8bee
J Dilla,https://i.scdn.co/image/ab6761610000e5ebc68a069a1c70eca57b2828d2
Streetlight Manifesto,https://i.scdn.co/image/083260e6da182d52f9e1b2f45c54848c365fd256
Colbie Caillat,https://i.scdn.co/image/ab6761610000e5eb73462adec54d5201d5a4bf09
Sufjan Stevens,https://i.scdn.co/image/ab6761610000e5eb716bfefb3e9691631a9b2757
John Mayer,https://i.scdn.co/image/ab6761610000e5ebe926dd683e1700a6d65bd835
Elvis Costello & The Attractions,https://i.scdn.co/image/ab67616d0000b273c39aa62b10cea6cd2c2c1ed8
Seu Jorge,https://i.scdn.co/image/ab6761610000e5eb4e8989ba01fcdd07ca78f4f0
Circa Survive,https://i.scdn.co/image/ab6761610000e5eba25def9afcb07f4045982ddc
Deftones,https://i.scdn.co/image/ab6761610000e5eb4b2da0b72cab26ac518f1f0d
Nada Surf,https://i.scdn.co/image/ab6761610000e5eba1bdc153407f48f3a9ddf48d
Amorphis,https://i.scdn.co/image/ab6761610000e5ebd843a566ac64b933b3f2229d
Broken Bells,https://i.scdn.co/image/ab6761610000e5ebcafd2875af0609eed7b8422e
Daughter,https://i.scdn.co/image/ab6761610000e5eb0df313bc99b24276ea978437
Clint Mansell,https://i.scdn.co/image/ab6761610000e5eb5f0eee42c3248b45d85918ed
The Maine,https://i.scdn.co/image/ab6761610000e5eb8c90674b86ec8f34f019702d
Guns N Roses,
Weezer,https://i.scdn.co/image/ab6761610000e5eb924930b587886dcd83802c7f
Peter Gabriel,https://i.scdn.co/image/ab6761610000e5eb19b6c2877e129ed5d568fc53
Bloodhound Gang,https://i.scdn.co/image/ab6761610000e5ebb37fd268f79456bf904d617e
Hurts,https://i.scdn.co/image/ab6761610000e5eb29226c31709d24737365ca83
Bad Religion,https://i.scdn.co/image/ab6761610000e5eb785d6af86b16c8747ff61e42
Phil Collins,https://i.scdn.co/image/31fbe64783eb5d493161640bd599dceafc615c6d
"The Good, the Bad & the Queen",
Efterklang,https://i.scdn.co/image/ab6761610000e5eb6d8a221b622956dfd14253e3
Klaxons,https://i.scdn.co/image/458c9fdfe4b0b4c3f96179ca972e01c2fe98d722
Swans,https://i.scdn.co/image/ab6761610000e5eb0d4ecff3b430374c5d57d686
Accept,https://i.scdn.co/image/ab6761610000e5eb726d55d855cae9b4bdfd9514
Maxïmo Park,
311,https://i.scdn.co/image/ab6761610000e5eb40d6cf99f1e4c6c8ad47411f
Jem,https://i.scdn.co/image/da5f4b11c665b4d17c7ed24eb23949c046208dcd
Soulfly,https://i.scdn.co/image/ab6761610000e5eb092c0cdb00c5666c6f6a1a80
Travis,https://i.scdn.co/image/ab6761610000e5ebdd661bb078b670a59fbc34b4
Interpol,https://i.scdn.co/image/ab6761610000e5ebc31f8e7aad462874455cf070
Enter Shikari,https://i.scdn.co/image/ab6761610000e5eb0c5e8738ae9a4cd2889a8abe
Dntel,
Heaven Shall Burn,https://i.scdn.co/image/ab6761610000e5eba82bb6785b5c29dabbf1e3bf
Pig Destroyer,https://i.scdn.co/image/ab6761610000e5eb263af4b1ba1dd378af4c97e1
Anthrax,https://i.scdn.co/image/9c13e8d805f8ba3a676dc272b0e2e237cdcf41a5
Uriah Heep,https://i.scdn.co/image/ab6761610000e5eb48ffd76e54023401c6e98d90
Phoenix,https://i.scdn.co/image/ab6761610000e5eb722051daeb10119e2e039724
Band of Horses,https://i.scdn.co/image/ab6761610000e5ebde20f1d3bdfc3239a770921c
Children of Bodom,https://i.scdn.co/image/ab6761610000e5ebe51866b7c973c8aafaf1fece
Conjure One,
The Decemberists,https://i.scdn.co/image/ab6761610000e5ebad12e7af41c3a1903d1273b8
The Breeders,https://i.scdn.co/image/ab6761610000e5eb2fef4066231dde75ff4d9a21
Sparta,https://i.scdn.co/image/ab6761610000e5ebe6e08387449bc1291f94ce13
Twin Shadow,https://i.scdn.co/image/ab6761610000e5eb49d8ab5836483790fd545b80
Tears for Fears,https://i.scdn.co/image/ab6761610000e5eb42ed2cb48c231f545a5a3dad
Tosca,https://i.scdn.co/image/ab6761610000e5eb40bc2e69d2284885d13667f7
The Stone Roses,https://i.scdn.co/image/b402bab4eb25e953eef911e1fde6076e116ce0b2
The Bravery,https://i.scdn.co/image/ab6761610000e5ebf8c27bb10b12f42de3cbe41a
INXS,https://i.scdn.co/image/ab6761610000e5eb9bfd44c9bd2aae22edfd99bf
Underworld,https://i.scdn.co/image/ab6761610000e5eb092626de2b9e215ee4489e12
Yellowcard,https://i.scdn.co/image/ab6761610000e5eb952381a70ceeda02554ad545
NOFX,https://i.scdn.co/image/ab6772690000c46cddcf65625878991cf30658be
Art Brut,https://i.scdn.co/image/77243d8eb66339d59b3fa3c403691b6a4744d6b6
She Wants Revenge,https://i.scdn.co/image/ab6761610000e5eb64068a65398cd48d33391977
The Ting Tings,https://i.scdn.co/image/ab6761610000e5eb599e0f1bf8e97c77c7994f45
The Hives,https://i.scdn.co/image/ab6761610000e5eb483be6edf9ba0ded3446c696
Ulver,https://i.scdn.co/image/ab6761610000e5eb2f811fa9ed9bdf291fb3d212
Celtic Frost,https://i.scdn.co/image/ab6761610000e5eba83d0ae88b2e89569c1edb26
Blind Pilot,https://i.scdn.co/image/01a5a3d205cf4fc556b16660ce0355e9a1e29fde
Karnivool,https://i.scdn.co/image/ab6761610000e5eb1bd7536b283e9296a7158bc0
Ladytron,https://i.scdn.co/image/ab6761610000e5eb6f2fb23090fe428f602ab46d
The Civil Wars,https://i.scdn.co/image/ab6761610000e5eb0bae8ba82eaf7e63af515c9f
Modeselektor,https://i.scdn.co/image/ab6761610000e5ebdbf9a15ccc6d609c6491243b
Nosaj Thing,https://i.scdn.co/image/ab6761610000e5eb61ed0fa61189d09cfd628432
Dashboard Confessional,https://i.scdn.co/image/ab6761610000e5eb6c52301d3d723bcf907cfeaa
Morcheeba,https://i.scdn.co/image/ab6761610000e5eb36946a718b9ab08ca42b43f6
Despised Icon,https://i.scdn.co/image/ab6761610000e5eb79ae990f5125a06b7a6dc465
Max Richter,https://i.scdn.co/image/ab6761610000e5eb1476a56321d66220e391d1c8
Silverstein,https://i.scdn.co/image/ab6761610000e5ebd0bbbc3c7f791a436b51231e
Billy Joel,https://i.scdn.co/image/ab6761610000e5eb712c7643e8aa18a4aca6c811
Beirut,https://i.scdn.co/image/ab6761610000e5eb2d8bf7cc9fdf477efeede65f
Cannibal Corpse,https://i.scdn.co/image/ab6761610000e5eb256a52f5c967dcc875736f38
Wu-Tang Clan,https://i.scdn.co/image/ab6761610000e5ebe60866298962b71792b2bf1a
Sentenced,https://i.scdn.co/image/e79b6e9f3934c0e2a351274f128954df26e48dac
Cynic,https://i.scdn.co/image/ab6761610000e5eba246792b94fd9640975ba8d4
Four Year Strong,https://i.scdn.co/image/ab6761610000e5ebff59f88ad0ad213be1565d8f
XIV Dark Centuries,https://i.scdn.co/image/ab6761610000e5eb8aa5b117eb1fd45d57d93f29
Hellyeah,https://i.scdn.co/image/ab6761610000e5eb1bbd045c5977e40ffaef3011
And So I Watch You From Afar,https://i.scdn.co/image/ab6761610000e5ebb6ec8efa2ba067964a4d279b
Rage Against the Machine,https://i.scdn.co/image/ab6761610000e5ebda4bd2b213cae330e2a4a901
The Rakes,https://i.scdn.co/image/fd23d610c0f8bcb7604cf5431c1dc199dbda633e
Angus & Julia Stone,https://i.scdn.co/image/ab6761610000e5eb3e3fbe62051e5d7865fafd8c
Matchbox Twenty,https://i.scdn.co/image/ab6761610000e5eb2600695faee2deeb736755f0
Pet Shop Boys,https://i.scdn.co/image/ab6761610000e5ebb4e195083ac89cfab5d93b9e
Nightmares on Wax,https://i.scdn.co/image/ab6761610000e5ebf55522db17a6034ca9a895cf
Cryptopsy,https://i.scdn.co/image/ab67616d0000b273c50fe8f1856c1111c0bb5287
ASHES dIVIDE,https://i.scdn.co/image/7a54d44889a484b50a7082f7919fd30bbb302bdb
Dan Auerbach,https://i.scdn.co/image/ab6761610000e5ebd5acf758a2b2e619a0767130
Kraftwerk,https://i.scdn.co/image/ab6761610000e5ebc46999e5afaf35c91cbe652b
My Chemical Romance,https://i.scdn.co/image/ab6761610000e5eb9c00ad0308287b38b8fdabc2
Them Crooked Vultures,https://i.scdn.co/image/7e78d34c33af8c3555f8eec0f8823cbde00ae2cc
Xzibit,https://i.scdn.co/image/ab6761610000e5ebb04749391ab206764049c219
Billy Idol,https://i.scdn.co/image/ab6761610000e5ebd42c6334786bfdea92beeb5d
Sabaton,https://i.scdn.co/image/ab6761610000e5eb97d68537c39dc8bcebbd9e6c
Job for a Cowboy,https://i.scdn.co/image/ab6761610000e5ebcf95a44cceff14f7d27a3d2f
Rick Ross,https://i.scdn.co/image/ab6761610000e5eb8196a8109c28a8b8aca28fae
Justice,https://i.scdn.co/image/ab6761610000e5eb7c8d2eb76dc05630521eefa4
Ozzy Osbourne,https://i.scdn.co/image/ab6761610000e5ebb5b52f7e13f720c7a4856306
Scorpions,https://i.scdn.co/image/ab6761610000e5eb7440170c0628c2945da819c3
Descendents,https://i.scdn.co/image/ab6761610000e5eb37a1894d96ab00899a01e409
Gojira,https://i.scdn.co/image/ab6761610000e5eb96c4949ee078fbef5d5adb68
Bee Gees,https://i.scdn.co/image/ab67616d0000b273ee9e93489e87344164c57910
Little People,https://i.scdn.co/image/ab6761610000e5eb96dbc6bb932a99701a43b373
Soundgarden,https://i.scdn.co/image/ab6761610000e5ebafa254b2a224584485286526
Mount Kimbie,https://i.scdn.co/image/ab6761610000e5ebc06f5e046b0cb5be7bead0e3
Newton Faulkner,https://i.scdn.co/image/ab6761610000e5eb32da51852dffaa247cf3adb3
Tori Amos,https://i.scdn.co/image/ab6761610000e5eb1794ab286705098a73ee79ed
Death Cab for Cutie,https://i.scdn.co/image/ab6761610000e5eb378adae733fc578108e3f534
Built to Spill,https://i.scdn.co/image/ab6761610000e5eb975437d5a8604ae63aa4f310
Maroon 5,https://i.scdn.co/image/ab6761610000e5ebf8349dfb619a7f842242de77
Mayday Parade,https://i.scdn.co/image/ab6761610000e5ebbc6e7f4ffd3a3be53cae656a
Gucci Mane,https://i.scdn.co/image/ab6761610000e5ebb9b77f64bd278ffde2c94428
The Police,https://i.scdn.co/image/1f73a61faca2942cd5ea29c2143184db8645f0b3
The Faint,https://i.scdn.co/image/ab6761610000e5eb560ad720d5c51b090239ebe2
Sonic Youth,https://i.scdn.co/image/af335c11a73e9311516bb28800be58311410d1be
Cocteau Twins,https://i.scdn.co/image/ab6761610000e5eb00f01cecce8a4475c3de0998
N.W.A,https://i.scdn.co/image/4f36d3f900eaf8381b0d3f5febe0e5bf8c94dbea
Air,https://i.scdn.co/image/ab6761610000e5ebb3f06b20f1391c3d1b2c14e7
Depeche Mode,https://i.scdn.co/image/ab6761610000e5ebaff13c9484fdad590ccfb73c
Lana Del Rey,https://i.scdn.co/image/ab6761610000e5ebb99cacf8acd5378206767261
Cults,https://i.scdn.co/image/ab6761610000e5ebdc48abf40c40172713ed60cf
Incubus,https://i.scdn.co/image/ab6761610000e5ebbaebf3a81961bdf7173ab959
Eddie Vedder,https://i.scdn.co/image/ab6761610000e5eb98a58862098f8be6496ba9d6
Rush,https://i.scdn.co/image/ab6761610000e5eb896c4b043fb3063178afd716
Public Enemy,https://i.scdn.co/image/ab6772690000c46c7af45c8edde30249d1709b54
Capn Jazz,
Lamb of God,https://i.scdn.co/image/ab6761610000e5ebb943a08242864dc3364a9478
Parkway Drive,https://i.scdn.co/image/ab6761610000e5eb4d6648c4e1e1f4e4aad4cbcf
Hellogoodbye,https://i.scdn.co/image/ab6761610000e5eb9e362c45d22e594e532969d9
Set Your Goals,https://i.scdn.co/image/fa327a31814d087662c1dac1106c4eae07eedab1
Local Natives,https://i.scdn.co/image/ab6761610000e5eb2114139701be565d4a155fa1
The Beach Boys,https://i.scdn.co/image/ab6761610000e5eb92602f233ce2295748f44603
Frou Frou,https://i.scdn.co/image/ab6761610000e5eb36e26b5e16a105ddc4e238f6
Grimes,https://i.scdn.co/image/ab6761610000e5eb34771f759ca81a422f5f2b57
Skid Row,https://i.scdn.co/image/ab6761610000e5eb5e4033901c3d87289e0cbc08
Two Door Cinema Club,https://i.scdn.co/image/ab6761610000e5ebf426f143c46ff54d8486f2d0
Toto,https://i.scdn.co/image/ab6761610000e5eba59a5bcab211f964fe9bfb06
Underoath,https://i.scdn.co/image/ab6761610000e5eb7898d23be96819852c56259e
Boozoo Bajou,https://i.scdn.co/image/ab6761610000e5ebaa68d18f9bba57c2cf7b1f02
Lifelover,https://i.scdn.co/image/ab67616d0000b273e31ff3bc2f4d5ef760dd08ef
Jacks Mannequin,
The Pigeon Detectives,https://i.scdn.co/image/ab6761610000e5eb6115c0c7a614d8e72f877091
Florence + the Machine,https://i.scdn.co/image/ab6761610000e5ebe3c37f869b830d1cf1ec829a
Yo La Tengo,https://i.scdn.co/image/ab6761610000e5ebad8a54844b1b0ac42f0dd71c
The Roots,https://i.scdn.co/image/ab6761610000e5eb7e92a85b9e31236380cd38f2
Soil,https://i.scdn.co/image/ab6761610000e5eb95ac1e0e31bfe79289715df8
Ryan Adams,https://i.scdn.co/image/ab6761610000e5eb46dbea8d8ce2f2a21d9f0702
Blind Guardian,https://i.scdn.co/image/ab6761610000e5eb26139a78b669ae67aacde9f3
Alexi Murdoch,https://i.scdn.co/image/ab6761610000e5eb5403b0487846cc6417301d09
Babyshambles,https://i.scdn.co/image/ab6772690000c46ca38680140c3149fcdb305d1b
Lupe Fiasco,https://i.scdn.co/image/ab6761610000e5eb17e0a43f3aaa0c48410c4b68
Counting Crows,https://i.scdn.co/image/ab6761610000e5eba6f88c86470fd6350f4a5535
The Mars Volta,https://i.scdn.co/image/ab6761610000e5ebc1e9722c0564d96a92317ce4
Foals,https://i.scdn.co/image/ab6761610000e5eb5f0109249ffd70b2d85a9467
Lou Reed,https://i.scdn.co/image/2e1e9a6fe696b536a1f9e6a27fc1ed23d2c97099
Styx,https://i.scdn.co/image/ab67616d0000b27306b8a8c1e1f31b748e48f1f1
We Are Scientists,https://i.scdn.co/image/ab6761610000e5eb41f2e51e3f747ce9af716d5b
Frank Zappa,https://i.scdn.co/image/e1c04d8144371d6a6ac39c7f15a1c2a9f67a0c50
The Dodos,https://i.scdn.co/image/ab6761610000e5ebe6d85780502658e31dca1d65
Unearth,https://i.scdn.co/image/ab6761610000e5eb6a6ee12fbbc4ba2b0070107f
Twenty One Pilots,https://i.scdn.co/image/ab6761610000e5eb196972172c37d934d9ca8093
The Futureheads,https://i.scdn.co/image/ab6761610000e5ebdc850d067e6bbfbb6409f69a
Woodkid,https://i.scdn.co/image/ab6761610000e5eb75b44a5ac0ce26ea18e05265
Third Eye Blind,https://i.scdn.co/image/ab6761610000e5eb6b1e8135b0741308a3f38ded
Orphaned Land,https://i.scdn.co/image/ab6761610000e5eb57fa807b972641f73df43af7
Toro y Moi,https://i.scdn.co/image/ab6761610000e5eb806b7dabf277e77a52d075cb
Funeral for a Friend,https://i.scdn.co/image/ab6761610000e5ebc9f569af718cea44a33de372
Johnossi,https://i.scdn.co/image/ab6761610000e5ebaf17eb095d3ffaacf553d46f
Frank Ocean,https://i.scdn.co/image/ab6761610000e5ebfbc3faec4a370d8393bee7f1
Amon Tobin,https://i.scdn.co/image/ab6761610000e5ebc2a1fce6cff99142dd2ad808
The Last Shadow Puppets,https://i.scdn.co/image/1e721c9502da1663fe9dd0b9f8a90519546f0a9f
Escape the Fate,https://i.scdn.co/image/ab6761610000e5eb9fc28a89f5046ac3d930adb1
Björk,
The Academy Is...,https://i.scdn.co/image/ab6761610000e5eb165caca2b90a14505e1896d6
Miike Snow,https://i.scdn.co/image/ab6761610000e5ebd1994d6cef758a0dcdd67b17
My Morning Jacket,https://i.scdn.co/image/ab6761610000e5eb236c35f5215954e1f9a2f1c6
Vitalic,https://i.scdn.co/image/ab6761610000e5eb8ed89b2d8d0d1234f19425ec
The Horrors,https://i.scdn.co/image/ab6761610000e5ebdb513fc45b49817c2a931a23
Mastodon,https://i.scdn.co/image/ab6761610000e5ebf84fe9e6fbb2aa001d6cbbd9
Oceansize,https://i.scdn.co/image/ab67616d0000b2730047b3f39515a672b945e854
Eurythmics,https://i.scdn.co/image/ab6761610000e5eb145a01fb993c3088fe6ac5e7
The Starting Line,https://i.scdn.co/image/ab6761610000e5eb87921d7a70d06bc6727cf658
Huey Lewis & The News,https://i.scdn.co/image/ab6761610000e5eb8dfb95eb4902b28206963614
CHVRCHES,https://i.scdn.co/image/ab6761610000e5ebec93fdb668ef34df08f2c1e7
Black Mountain,https://i.scdn.co/image/ab6761610000e5eb76239122a3f68c55f0d22a68
Enslaved,https://i.scdn.co/image/ab6761610000e5ebca34c9ba25a9851946cabbc2
Lamb,https://i.scdn.co/image/ab6761610000e5eb7212f5c9b495683f5a12dd20
Discovery,https://i.scdn.co/image/ab67616d0000b273d3fc12aa287df2d8709d059e
Danzig,https://i.scdn.co/image/ab6772690000c46cfc6c290e700ffc24fce643c1
Grizzly Bear,https://i.scdn.co/image/ab6761610000e5ebd83c7123395d4e3e6f46f7e8
Tenacious D,https://i.scdn.co/image/ab6761610000e5eb7637f18f419921b8d24bd9e5
Manchester Orchestra,https://i.scdn.co/image/ab6761610000e5ebc76415b4869d52d07f6fe5fd
Blonde Redhead,https://i.scdn.co/image/ab6761610000e5eb6f63ec3b0dd0c229ed8459a9
Something Corporate,https://i.scdn.co/image/5fe4b58edb8b1b9c876bf547e6322170a48f6362
Boards of Canada,https://i.scdn.co/image/c533bf6f08a42119065d8c2171cdfa8e96720b4c
Young the Giant,https://i.scdn.co/image/ab6761610000e5eb55d7d266173722c1e09968ce
Fleet Foxes,https://i.scdn.co/image/ab6761610000e5ebe8bebdf40c463752b7ffc462
At the Gates,https://i.scdn.co/image/ab6761610000e5ebe05d57f89f3637d01858832f
Therion,https://i.scdn.co/image/f0b805b4f0daaaf35334230bed54229e4c085942
Comeback Kid,https://i.scdn.co/image/ab6761610000e5eb9f12dd25bd10ec3a30496657
Deep Purple,https://i.scdn.co/image/ab6761610000e5eb607e7523c28dd40288a08df4
MF DOOM,https://i.scdn.co/image/ab6761610000e5eb1ca139a174e216880498dc16
Pendulum,https://i.scdn.co/image/ab6761610000e5ebc9473a9f882dc95c5d50bac6
Oasis,https://i.scdn.co/image/ab6761610000e5ebdead744163b14dc0ea8ad01f
Hellhammer,https://i.scdn.co/image/ab67616d0000b273f4c8749fbe1e7fe631bedb98
Absu,https://i.scdn.co/image/ab67616d0000b273cc7739a88ea3aa86674f1bde
Refused,https://i.scdn.co/image/ab6761610000e5ebf2839c476d3709aea760a56e
DJ Shadow,https://i.scdn.co/image/ab6761610000e5ebed22769b2770a78dd6826f50
Gentle Giant,https://i.scdn.co/image/ab6761610000e5eba66894a8af6541d3019e1d7a
Dropkick Murphys,https://i.scdn.co/image/ab6761610000e5eb2b3032f701dee12a10157f83
Gnarls Barkley,https://i.scdn.co/image/03e8855382d21e1cbf8172c03001ab8847889f38
Pantera,https://i.scdn.co/image/ab21b012c14655da99190faeada6d5ed95273c98
Joshua Radin,https://i.scdn.co/image/ab6761610000e5eb54e19c7d94bb05f1723bdce9
Amon Amarth,https://i.scdn.co/image/ab6761610000e5eb131d4f2d863142fda3e0f69e
Immortal,https://i.scdn.co/image/ab6761610000e5eb4372542674b2feb49154d21d
Good Charlotte,https://i.scdn.co/image/ab6761610000e5eb42c5b40a82c6349adc1449a2
The Avalanches,https://i.scdn.co/image/ab6761610000e5eb348fb7d638c8f86c675122e2
Infected Mushroom,https://i.scdn.co/image/ab6761610000e5eb2ea36e7e9e49762e4a5c7d9b
The Whitest Boy Alive,https://i.scdn.co/image/ab6761610000e5eb62032e3e1797f1cb1e5bf3da
Bloc Party,https://i.scdn.co/image/ab6761610000e5ebaedaa06a45e223f66a686556
Kings of Convenience,https://i.scdn.co/image/ab6761610000e5ebee085e8fca475f2b6a318df9
Fever Ray,https://i.scdn.co/image/ab6761610000e5eb378026e008575db882ae6f3f
Mylo,https://i.scdn.co/image/ab6761610000e5eb71c2ad98179affb122bb54dc
Rodrigo y Gabriela,https://i.scdn.co/image/ab6761610000e5ebaf824664934f599fa2601a40
Sigur Rós,
The Walkmen,https://i.scdn.co/image/ab6761610000e5ebaefcc48f32686224654746ca
of Montreal,https://i.scdn.co/image/ab6761610000e5ebf3e93c0583fdb0c1b083ccf8
Mushroomhead,https://i.scdn.co/image/42550eca6b61ba3043ec0bb95cbc78a162527b47
Chelsea Grin,https://i.scdn.co/image/ab6761610000e5eb0c8841a48725fb88d5af84ae
Dua Lipa,https://i.scdn.co/image/ab6761610000e5ebd42a27db3286b58553da8858
Fuck Buttons,https://i.scdn.co/image/7811e1df385bcdac792f8060381a655c88288f5e
System of a Down,https://i.scdn.co/image/ab6761610000e5eb60063d3451ade8f9fab397c2
The Lonely Island,https://i.scdn.co/image/cf8fbdf34903d500441a746108ee0fdfa17cd388
Eminem,https://i.scdn.co/image/ab6761610000e5eba00b11c129b27a88fc72f36b
Say Anything,https://i.scdn.co/image/ab6761610000e5eb57dfe687ca8a77fa78794668
Chase & Status,https://i.scdn.co/image/ab6761610000e5eb75a10eb2e9d6df2e11b31808
Au Revoir Simone,https://i.scdn.co/image/ab6761610000e5ebd5226701fc34cccb65bc523e
The Doors,https://i.scdn.co/image/ab6761610000e5eb440959e022afc20e819050bd
Calvin Harris,https://i.scdn.co/image/ab6761610000e5eb37bff6aa1d42bede9048750f
Beck,https://i.scdn.co/image/ab6761610000e5eb917df61d55ce3ab98d43351a
...And You Will Know Us by the Trail of Dead,https://i.scdn.co/image/ab6761610000e5eb7c5febf8798925a1b973a058
Boys Like Girls,https://i.scdn.co/image/ab6761610000e5eb3a2a37bfe2e0779772ae92da
Strapping Young Lad,https://i.scdn.co/image/9d8ee7223982bfc5fca192ab5a4ad0d7d351a1f3
PJ Harvey,https://i.scdn.co/image/ab6761610000e5ebb7b587363a285846586f6f74
Matt Nathanson,https://i.scdn.co/image/ab6761610000e5eb982d1453efd4d781792438b7
Dead Kennedys,https://i.scdn.co/image/725a76a15036422522a106bf153471a273e5e93f
The Postal Service,https://i.scdn.co/image/034778d5916fdfaacf926d7ec0e7440f717cd064
Entombed,https://i.scdn.co/image/ab6761610000e5eb804c8dbc07d1b1c159cd42eb
Moloko,https://i.scdn.co/image/da34856608ab863451a8492546cf589b8267493c
Empire of the Sun,https://i.scdn.co/image/ab6761610000e5ebe51c443e9e8c1952c80357b4
M.I.A.,https://i.scdn.co/image/ab6761610000e5ebd75b03e7f83d62dcd55617ca
Cake,https://i.scdn.co/image/ab6761610000e5ebb8bf71301acec36f0256c0f8
Emancipator,https://i.scdn.co/image/ab6761610000e5eb209cbc779adeb3b9df6e2635
Hoobastank,https://i.scdn.co/image/ab6761610000e5ebfd24e4299227b496c8bc9765
Katy Perry,https://i.scdn.co/image/ab6761610000e5ebdc9dcb7e4a97b4552e1224d6
Midlake,https://i.scdn.co/image/ab6761610000e5ebd8add1668fe965cd335061d0
Chromatics,https://i.scdn.co/image/ab6761610000e5ebff7c66df88410e55c67df046
Nick Drake,https://i.scdn.co/image/d364b498f85ae764cd278fbba9a8ed7f00c3e434
Shakira,https://i.scdn.co/image/ab6761610000e5eb284894d68fe2f80cad555110
Soap&Skin,https://i.scdn.co/image/ab6761610000e5eb36d87f682d7eae81c0e5bf6f
Horse Feathers,https://i.scdn.co/image/ab6761610000e5ebedda60fd05cfa37491839c9b
Patrick Wolf,https://i.scdn.co/image/ab6761610000e5eb0346c9c06eec5caf06e6fb39
Insane Clown Posse,https://i.scdn.co/image/ab6761610000e5eb534c6d647953f20279d654f8
Insomnium,https://i.scdn.co/image/ab6761610000e5eb3c1d18f0fc7bd0b1fa5b607b
Silversun Pickups,https://i.scdn.co/image/ab6761610000e5ebd3c9dc38ed243e584ba7cce3
Hot Hot Heat,https://i.scdn.co/image/004a761a7c2ca8f6dcbfa4e71b00baa03b5a4624
Kyuss,https://i.scdn.co/image/2622eb2ecb8e4681e873ebcb7b113cedbe2da8d0
Kate Nash,https://i.scdn.co/image/ab6761610000e5eb32704fe3c6978dec68933610
Journey,https://i.scdn.co/image/ab6761610000e5ebe848dfb35ea4969099662dfd
Mazzy Star,https://i.scdn.co/image/d14e353d562d68036916c64a13912772cf7df91c
Samael,https://i.scdn.co/image/ab6761610000e5eb63b0c78e0f24409629bf1031
Ludovico Einaudi,https://i.scdn.co/image/ab6761610000e5eb41b332cbe960237714e82408
Mahavishnu Orchestra,https://i.scdn.co/image/d47e45e354175b3b5fe5ae35f65df69028b298d3
Alter Bridge,https://i.scdn.co/image/ab6761610000e5eb8650b5577dcbd76607f1340d
Radiohead,https://i.scdn.co/image/ab6761610000e5eba03696716c9ee605006047fd
Fall Out Boy,https://i.scdn.co/image/ab6761610000e5eb362011ebe6064c38e97e9aac
Sun Kil Moon,https://i.scdn.co/image/bdffb6a7b62e1ca1c5d93589064bb67515464abe
Pain of Salvation,https://i.scdn.co/image/ab6761610000e5eb4eb988e44960dceeff8d0e5b
Ben Harper,https://i.scdn.co/image/ab6761610000e5eb3c9c29d5da3d90b991c6abbb
Love,https://i.scdn.co/image/ab6761610000e5eb951e409476bb413c3d50a01d
Clap Your Hands Say Yeah,https://i.scdn.co/image/ab6761610000e5eb431a75b6e3131eaea120effe
Mr. Bungle,https://i.scdn.co/image/ab6761610000e5eb57889458cd1c95a01dba403a
One Direction,https://i.scdn.co/image/5bb443424a1ad71603c43d67f5af1a04da6bb3c8
Brett Dennen,https://i.scdn.co/image/ab6761610000e5eb66a465f79cf97eb534358232
Rooney,https://i.scdn.co/image/ab6761610000e5ebda6083b8742bb8f5c9389af0
Pixies,https://i.scdn.co/image/ab6761610000e5ebd0456128dd330d18e18b4715
Black Rebel Motorcycle Club,https://i.scdn.co/image/ab6761610000e5eb671e6bba4b119e7b9675f1a4
Arctic Monkeys,https://i.scdn.co/image/ab6761610000e5eb7da39dea0a72f581535fb11f
LCD Soundsystem,https://i.scdn.co/image/ab6761610000e5eb6a0838a408f8c9cf82915ac8
Die Apokalyptischen Reiter,https://i.scdn.co/image/ab6761610000e5eb803999a175a192cf67129eb0
Death from Above 1979,https://i.scdn.co/image/ab6761610000e5eb564eec26efb2ab29424cba8e
Sleater-Kinney,https://i.scdn.co/image/ab6761610000e5eb3aa09e03c53406d3335ef91f
Christina Aguilera,https://i.scdn.co/image/ab6761610000e5eb371cba21c6962a457c550b81
Destinys Child,
The Streets,https://i.scdn.co/image/ab6761610000e5eb0a36c8ecc5b923a02c185345
Broadcast,https://i.scdn.co/image/ab6761610000e5ebe0d578320558917966042349
Róisín Murphy,
La Roux,https://i.scdn.co/image/ab6761610000e5eb209cc92e50bcfed40a6028e1
Black Sabbath,https://i.scdn.co/image/5931700f9515dd6587230130beb615e0549e47dc
A Day to Remember,https://i.scdn.co/image/ab6761610000e5eba782bcfcb0819c20e99d8315
Bolt Thrower,https://i.scdn.co/image/ab6772690000c46cf6bfebc44ff92f38fb2162e9
Shadows Fall,https://i.scdn.co/image/f88cd5cb85623a6eaeb4d9c737d637df7f2bcc95
You Me at Six,https://i.scdn.co/image/ab6761610000e5ebc43aed7a2511d1c725322788
The Smashing Pumpkins,https://i.scdn.co/image/ab6761610000e5eb1a7d0845c3b7e2f130264957
Velvet Revolver,https://i.scdn.co/image/3d41008a8274e878d45d90bfbe3d9325e5b5bc09
Editors,https://i.scdn.co/image/ab6761610000e5eb02f411bd3acd4f49905f2564
+44,https://i.scdn.co/image/2ffba921f9db6d1bf44ae63b8a956e3a11fea234
Slayer,https://i.scdn.co/image/8c81130db7b5f933412c4906c30327817f1e1b43
Def Leppard,https://i.scdn.co/image/ab6761610000e5eb695e45d9945ce1f8e5fa5c54
Brand New,https://i.scdn.co/image/ab6761610000e5eb4d709a7f0c971c81aeeb6e75
Keane,https://i.scdn.co/image/ab6761610000e5eb6fa4f7efaf78eb1bc0486d27
Fergie,https://i.scdn.co/image/ab6761610000e5eb1fd1c6d465e03a904d63c9b5
ColdWorld,https://i.scdn.co/image/ab6761610000e5eb70c6c2c11191068856ea9af8
Simian Mobile Disco,https://i.scdn.co/image/ab6761610000e5ebecf9673ef5fc69196a63c235
Moonspell,https://i.scdn.co/image/ab6761610000e5ebb02f83addf3908492080e75c
Daughtry,https://i.scdn.co/image/ab6761610000e5eb72a25639a19993fa40e9f449
Spoon,https://i.scdn.co/image/ab6761610000e5eb0973020fd7390db68e5ebf1c
Daft Punk,https://i.scdn.co/image/ab6761610000e5eba7bfd7835b5c1eee0c95fa6e
The Temper Trap,https://i.scdn.co/image/ab6761610000e5eb5297fea61637f6d1d62e2093
Rammstein,https://i.scdn.co/image/ab6761610000e5eb32845b1556f9dbdfe8ee6575
Stars,https://i.scdn.co/image/ab6761610000e5eb485e543b638302707031b4b5
Fanfarlo,https://i.scdn.co/image/7cb9612c1b9a130b2453b4e5a3db606fd791ebd5
Ben Howard,https://i.scdn.co/image/ab6761610000e5eb5aaa4c336f25c59cd9b1825a
Janet Jackson,https://i.scdn.co/image/ab6761610000e5eb68ab782284f90f0685619bb7
James Taylor,https://i.scdn.co/image/ab6761610000e5eb5921cb8f2ec7bf6b5e725bcc
Guillemots,https://i.scdn.co/image/63f2beed47d87ba85d9a0d9699b6caaf4cfb26ab
Stereophonics,https://i.scdn.co/image/ab6761610000e5eb9eeb3f2569bb34874643bb72
Alkaline Trio,https://i.scdn.co/image/ab6761610000e5ebbde9f7de7da33220edc96e9e
Patti Smith,https://i.scdn.co/image/20e52d0b168541016f901d9ec6d4f2a0e41f193b
Perfume Genius,https://i.scdn.co/image/ab6761610000e5ebd36443df36bea9f18e7b0f43
As I Lay Dying,https://i.scdn.co/image/ab6761610000e5eb0064a6b90341fce9cda50b5b
Syd Barrett,https://i.scdn.co/image/f0cded2845369a436adb00b24c85d02b867d0f45
Scissor Sisters,https://i.scdn.co/image/ab6761610000e5eb064aceda61eac4b617a9ad3f
Kings of Leon,https://i.scdn.co/image/ab6761610000e5eb8fbd402cfd8cc6ce926a2229
Cage the Elephant,https://i.scdn.co/image/ab6761610000e5eb7d994f7e137c10249de19455
We the Kings,https://i.scdn.co/image/ab6761610000e5eb5769c8fcb7cb9e65c7eb6b72
FKA twigs,https://i.scdn.co/image/ab6761610000e5eb092b58b0c0743cdeb3044a95
Gorillaz,https://i.scdn.co/image/ab6761610000e5eb88c7790dfeaee8b4595fc0e5
The Red Jumpsuit Apparatus,https://i.scdn.co/image/ab6761610000e5eb1f1d83ca5ebb27df7d3734fa
Crystal Castles,https://i.scdn.co/image/5419a05563a9ba8cb16fe207199c298f621eef85
Blondie,https://i.scdn.co/image/ab6761610000e5eb67dc4da82c968767d994f3c3
Spiritualized,https://i.scdn.co/image/ab6761610000e5ebff76ffdcaf85d06eadaf0667
Enya,https://i.scdn.co/image/ab6761610000e5eb9ce996547e0b307c94f662e6
Bon Jovi,https://i.scdn.co/image/ab6761610000e5eb0b8d424042d51bb8ee412ffe
Apocalyptica,https://i.scdn.co/image/ab6761610000e5eb7526751c3a833aac58be50aa
M83,https://i.scdn.co/image/ab6761610000e5ebfdb74f864a7a2cca6014a8a6
All Shall Perish,https://i.scdn.co/image/ab6761610000e5ebfd691a6e8c8e5ba55c727ed8
Volcano Choir,https://i.scdn.co/image/cc8b1511db745afca2bddc48cc775224244290ef
Sonic Syndicate,https://i.scdn.co/image/ab6761610000e5eb2949a42870fe4e444736814e
Nick Cave & The Bad Seeds,https://i.scdn.co/image/ab6761610000e5ebee32d7c5cec25d73f884eba5
The Kooks,https://i.scdn.co/image/ab6761610000e5eb720d6b8dd091334f38fb49ad
Rob Zombie,https://i.scdn.co/image/ab6761610000e5eb40a6cfc37fa94d54d28aca22
Avicii,https://i.scdn.co/image/ab6761610000e5ebae07171f989fb39736674113
Godsmack,https://i.scdn.co/image/ab6761610000e5eb3704c6b422c3bd96836fedc1
Nick Cave & Warren Ellis,https://i.scdn.co/image/ab6761610000e5eb65f8c17eacd44671133be805
Kim Wilde,https://i.scdn.co/image/ab6761610000e5ebcea63949ce6ab0abe8f1bdc9
Frightened Rabbit,https://i.scdn.co/image/afd7243238cf01ead6832811d65504409f9cd874
Rainbow,https://i.scdn.co/image/e0ad73e5231086142031094d86e8bef61576268c
G. Love & Special Sauce,https://i.scdn.co/image/ab6761610000e5ebfc471aa00b7f0c06536c9954
The Offspring,https://i.scdn.co/image/ab6761610000e5ebd7c5bbf32459922a72ec0d31
N*E*R*D,https://i.scdn.co/image/ab6761610000e5eb191233557c296f4b113b57be
Klaus Badelt,https://i.scdn.co/image/dfb330ecd4910c9b1ac443a5e2bbbdf3ca64a4b4
Matt Costa,https://i.scdn.co/image/ab6761610000e5ebaeffc0dea7c7cc09b1f02cac
Zebrahead,https://i.scdn.co/image/ab6761610000e5eb05fe18f0e91beba7775bbc77
Madvillain,https://i.scdn.co/image/bc99e9cb1976fcecb929d819b3dfc6f6fabca500
Cat Power,https://i.scdn.co/image/ab6761610000e5eb60eac139904647427347f3c6
Jon Hopkins,https://i.scdn.co/image/ab6761610000e5eb7ebcdfc56de761d77733e24e
Big L,https://i.scdn.co/image/ab6761610000e5ebbd8cc584e8c62286f79b9b50
Shpongle,https://i.scdn.co/image/ab6761610000e5eb7f40a8a620f1f93449b88f94
The Prodigy,https://i.scdn.co/image/ab6761610000e5eb147841812056c247407811f3
CocoRosie,https://i.scdn.co/image/ab6761610000e5eb301e22f2f3a157267b4bb717
A Fine Frenzy,https://i.scdn.co/image/15b7ee7550ed4472700d573803ff90f2967f84d1
Laura Marling,https://i.scdn.co/image/ab6761610000e5eb27b15f8b52128db1fdab4f30
Airbourne,https://i.scdn.co/image/ab6761610000e5ebb72d74a9e4ce1398eda31926
Late of the Pier,https://i.scdn.co/image/153e0b9c0cd76cd151427bf919b9262252aec3d5
ZZ Top,https://i.scdn.co/image/ab6772690000c46ca56aa897505a21aebecf7ea3
Simon & Garfunkel,https://i.scdn.co/image/afde2fdd14f8c8ca23393f257e3a369a234a24b6
Bad Brains,https://i.scdn.co/image/ab6761610000e5ebbd42597d561d676f5311586a
Finntroll,https://i.scdn.co/image/ab6761610000e5eb914b7288bf930841c642177c
Rotting Christ,https://i.scdn.co/image/ab6761610000e5ebde3080f1070c8a4dcd101682
The Radio Dept.,https://i.scdn.co/image/ab6761610000e5eb761a16ffa877c8086e28c5b0
Years & Years,https://i.scdn.co/image/ab6761610000e5eb5a00879e258b7c4e76816e52
The Presets,https://i.scdn.co/image/ab6761610000e5eba0dcf90d9d15788e5bdd5673
The Tallest Man on Earth,https://i.scdn.co/image/ab6761610000e5eba926ec6ea69c15dad76847e6
Mayhem,https://i.scdn.co/image/ab6761610000e5ebe60e1c595b887e90c6065620
Archive,https://i.scdn.co/image/ab6761610000e5eb7e2b46bfa294e4ab17134595
Bon Iver,https://i.scdn.co/image/ab6761610000e5eb67be065df01f37a3880216be
Jamie T,https://i.scdn.co/image/ab6761610000e5eb6e86289aa31700238646da06
Box Car Racer,https://i.scdn.co/image/420feb7fab6622848736cff1aa11739eae13849f
Brian Eno,https://i.scdn.co/image/ab6761610000e5eb5533ce5711f95f0c436b30fe
Bob Dylan,https://i.scdn.co/image/ab6772690000c46cd7064356b04a156664a37c4f
Wolfmother,https://i.scdn.co/image/ab6761610000e5ebcd2f1d977a146da9a24d9de5
"Does It Offend You, Yeah?",
Wale,https://i.scdn.co/image/ab6761610000e5eb0e1f90bdff70c339838dcf90
Judas Priest,https://i.scdn.co/image/d6df710d0a8244dc02fae361d89b7d2ffb4dfba3
Kiss,https://i.scdn.co/image/ab6761610000e5eb4e85269a1f35917eddeadefd
Black Light Burns,https://i.scdn.co/image/b007a38c256c5dd835086affbd739e7c052ffbbc
Rise Against,https://i.scdn.co/image/ab6761610000e5eb8e19de59bac2628eb8929156
Primal Scream,https://i.scdn.co/image/ab6761610000e5eb67fc8710036b6a053baef3d5
Violent Femmes,https://i.scdn.co/image/ab6761610000e5ebb3c3b161756ef6f9c9afef38
Kreator,https://i.scdn.co/image/ab6761610000e5ebe0b534896c50cb2281b88fed
Wiz Khalifa,https://i.scdn.co/image/ab6761610000e5eb4bdf6db5203f2a0e44002620
Foster the People,https://i.scdn.co/image/ab6761610000e5ebb5a3c9a9ca40824e0f44ea78
Supertramp,https://i.scdn.co/image/eebed895cad509b17c7c6faf47f21f1fc35e8829
Saosin,https://i.scdn.co/image/6f005f88cc2268338fdb96bd80d0a1a4043d943e
Rihanna,https://i.scdn.co/image/ab6761610000e5eb99e4fca7c0b7cb166d915789
The Fray,https://i.scdn.co/image/ab6761610000e5eb0f1175c762fb80f71469b344
Led Zeppelin,https://i.scdn.co/image/207803ce008388d3427a685254f9de6a8f61dc2e
P!nk,https://i.scdn.co/image/ab6761610000e5eb7bbad89a61061304ec842588
Red Hot Chili Peppers,https://i.scdn.co/image/ab6761610000e5ebc33cc15260b767ddec982ce8
Robyn,https://i.scdn.co/image/ab6761610000e5eba056ac6e44777f9aa30f5e3b
The White Stripes,https://i.scdn.co/image/ab6761610000e5eb70cc06de8fc28226d4743cd9
The Beatles,https://i.scdn.co/image/ab6761610000e5ebe9348cc01ff5d55971b22433
Hall & Oates,https://i.scdn.co/image/ab6761610000e5ebae81417d966e209b735b1160
The Unicorns,https://i.scdn.co/image/ab67616d0000b2732561bfe95a05d5f1b84156b0
Ingrid Michaelson,https://i.scdn.co/image/ab6761610000e5ebce2bddb51f28c123a11dbec1
Annotations of an Autopsy,https://i.scdn.co/image/ab6761610000e5eb25e2c3afbdb1ef8e09323c22
The Antlers,https://i.scdn.co/image/ab6761610000e5ebb2d4800a8f341587517d7607
Fucked Up,https://i.scdn.co/image/ab6761610000e5eb446d858f6c1132549ba05bfd
!!!,https://i.scdn.co/image/ab6761610000e5eb2bdea219d709156177f4896c
Down,https://i.scdn.co/image/010fd56976f3bb1a3ad4ab1158069b1d60d5648e
Faithless,https://i.scdn.co/image/ab6761610000e5eb68d5bfb2fad14c9364c1b094
Dirty Pretty Things,https://i.scdn.co/image/79c68a4ac601aeaadfae71345d8edb6478829175
Enigma,https://i.scdn.co/image/ab6761610000e5eb164b51afe7db16a6e6c063c3
Eagles of Death Metal,https://i.scdn.co/image/9084649cb287a4cd52b6955fe9f5dd647fc4e431
God Is An Astronaut,https://i.scdn.co/image/ab6761610000e5eb85c4a13f730e23ba5e726b40
Temple of the Dog,https://i.scdn.co/image/ab6761610000e5ebf47df3543858204550cc19d3
Télépopmusik,
Ataxia,https://i.scdn.co/image/ab67616d0000b273902d4082a5f61075e5fed0aa
No Doubt,https://i.scdn.co/image/f7e39e0ca7a4ba897150247190fb27b6ae6e0318
Tracy Chapman,https://i.scdn.co/image/965060777aeacb43659097cddc16b741785a508f
Aphex Twin,https://i.scdn.co/image/6a1d9919fc1083935697382f25ccbd87907d757f
Cut Copy,https://i.scdn.co/image/ab6761610000e5eba853e2d9139528ce18f94119
Sugarcult,https://i.scdn.co/image/ab6761610000e5eb86bc3dbfacb4a34317d47cd8
Spineshank,https://i.scdn.co/image/5cd208967ccea2c1db689e60a227ac2a5b711831
Alanis Morissette,https://i.scdn.co/image/ab6772690000c46c44408083dac26a782655baf3
Groove Armada,https://i.scdn.co/image/ab6761610000e5eb922cfaf258406578ccb12bcc
Youth Lagoon,https://i.scdn.co/image/ab6761610000e5eb0bba5b5d5aecdbd679ee9e5f
Stone Sour,https://i.scdn.co/image/ab6761610000e5ebf4c48660e778eeea3d9f1c5b
Chelsea Wolfe,https://i.scdn.co/image/ab6761610000e5ebb4de2ca8852a45b57575bde8
Roger Waters,https://i.scdn.co/image/ab6761610000e5eb47cac8aafe3b98cecf3e5064
A Perfect Circle,https://i.scdn.co/image/ab6761610000e5eb41472573351dfea479a4ffba
Miss May I,https://i.scdn.co/image/ab6761610000e5ebd325fc17b7ca87b683f2607b
Ben Folds,https://i.scdn.co/image/ab6761610000e5eba632b47b0926c4d1a7315fc4
Lykke Li,https://i.scdn.co/image/ab6761610000e5eb0bf8a86c8e3a34bb4934abb7
Possessed,https://i.scdn.co/image/ab6772690000c46cd1e63613d839e32101b8acf6
John Frusciante,https://i.scdn.co/image/ab6772690000c46cf94dbd92408ba3c66cd598b9
Reel Big Fish,https://i.scdn.co/image/ab6761610000e5eb3e2cc3b6c73d974a0f6b91b3
Anathema,https://i.scdn.co/image/ab6761610000e5eb3b2f51bb865ea1d25c236789
The Kinks,https://i.scdn.co/image/ab6761610000e5ebf4b3dc0c23f34e31a2e01c4a
Ayreon,https://i.scdn.co/image/ab6761610000e5eb5ea5bd8eda16661ab36bb166
Arcturus,https://i.scdn.co/image/e606b97a4a7aef9693e755e32509dd149fc1a6d7
The Courteeners,https://i.scdn.co/image/ab6761610000e5ebc29905cd305d81e13467a8d9
Menomena,https://i.scdn.co/image/5348e7def69251e21a98767f1474ee3abd7bdc9f
Puscifer,https://i.scdn.co/image/ab6761610000e5ebcba11fb640f2298fe3bd72de
Gorgoroth,https://i.scdn.co/image/0b92dedbdbe552ac79e0b551c753ce7deb704a71
Janelle Monáe,
Washed Out,https://i.scdn.co/image/ab6761610000e5ebb11517e4a1bbd74fe1f15f42
Grateful Dead,https://i.scdn.co/image/bba340d0c2aa4c9cbcbab0a4c3259d8f8e27f0d7
"Tyler, the Creator",
Mos Def,https://i.scdn.co/image/d39cd5769332fb51014cc1cc9934c8890fcd49f7
AFI,https://i.scdn.co/image/ab6761610000e5ebbdecf4762da0117e96e03fb8
Tom Petty,https://i.scdn.co/image/ab6761610000e5eba56c2e176f0626e2a001431f
Elvis Costello,https://i.scdn.co/image/ab6761610000e5ebbd95594d3201ab9c7b0349e6
blink-182,https://i.scdn.co/image/ab6761610000e5eb33639aaeecfcc5ebada97476
Motion City Soundtrack,https://i.scdn.co/image/ab6761610000e5ebb464a5da97e159647cc4be76
Kimya Dawson,https://i.scdn.co/image/db968eca91711abcc6a0fd82deef9f93937b7e51
Black Flag,https://i.scdn.co/image/ab6761610000e5eb64f57c3f54c287c42cadf773
Carcass,https://i.scdn.co/image/ab6761610000e5eb4c865024c763cdf4cab16919
Bathory,https://i.scdn.co/image/ab67616d0000b27338a32a9e00faa7890078388d
Minor Threat,https://i.scdn.co/image/f25787f1e1cf9bdd581a8af20324a2e0e72cd198
Kataklysm,https://i.scdn.co/image/ab6761610000e5ebae694c76fb4c75a76c7a141e
Ramones,https://i.scdn.co/image/ab6761610000e5eb5b9f46a5c5bf8243179d56b0
The Fratellis,https://i.scdn.co/image/ab6761610000e5ebd693efe23dcda7b9595e77ec
Ensiferum,https://i.scdn.co/image/ab6761610000e5eb2b1f6b18fd55a49ff5b0cb39
Wavves,https://i.scdn.co/image/ab6761610000e5ebffc8d26cf42bc8f4341b7472
Doves,https://i.scdn.co/image/5673993c75d8a559888815db16b26bad9646b3c4
Aerosmith,https://i.scdn.co/image/ab6761610000e5ebc5733401b4689b2064458e7d
At the Drive-In,https://i.scdn.co/image/ab6761610000e5eb35647a12f98234da77b10f2d
LMFAO,https://i.scdn.co/image/2d75f5222d8a92d5e12419ae3e5238261f943df6
Korpiklaani,https://i.scdn.co/image/ab6761610000e5eb4007626284c331661dab6d2c
Suicide Silence,https://i.scdn.co/image/ab6761610000e5eb3d199e5cdd7d8e1f57c99a74
The Smiths,https://i.scdn.co/image/481b980af463122013e4578c08fb8c5cbfaed1e9
The Subways,https://i.scdn.co/image/ab6761610000e5eb14979aff4faec295d5a13640
Catamenia,https://i.scdn.co/image/e49297e6b36247211f56cf49e56b17567f52aeab
The Magnetic Fields,https://i.scdn.co/image/ab6761610000e5eb965e16bd95a0e8085d1bd065
Breaking Benjamin,https://i.scdn.co/image/ab6761610000e5eb43f5e5cf145e783d5859fb9a
Swallow the Sun,https://i.scdn.co/image/ab6761610000e5eb2eab87773e004cd073e5e460
Whitney Houston,https://i.scdn.co/image/ab6761610000e5ebcd9f60ab57585bf3b77ecc51
Jimmy Eat World,https://i.scdn.co/image/ab6761610000e5eb0dc33cfd207772f8e2f6b46f
Prince,https://i.scdn.co/image/ab6761610000e5ebeaca358712b3fe4ed9814640
3OH!3,https://i.scdn.co/image/ab6761610000e5eb88c0f267b7c826cce063ff95
The xx,https://i.scdn.co/image/ab6761610000e5eb193bce41687d1869f8c7593f
Wilco,https://i.scdn.co/image/ab6761610000e5ebb990b82996651d23ab4df7e8
Keep of Kalessin,https://i.scdn.co/image/ab6761610000e5eb21904af4cd23fa0872366efd
Michael Jackson,https://i.scdn.co/image/ab6761610000e5eb0e08ea2c4d6789fbf5cbe0aa
Moderat,https://i.scdn.co/image/ab6761610000e5eb55a94b7fa21c9dbb2b986229
Le Tigre,https://i.scdn.co/image/3bc85fea3c1ed9320f63e50bf7c6e0b1c9ced6c5
Vampire Weekend,https://i.scdn.co/image/ab6761610000e5eb44829ac83c4538a8cf7e9f40
Minus the Bear,https://i.scdn.co/image/ab6761610000e5eb25c6c9639741ffa30db5fb1b
Moby,https://i.scdn.co/image/ab6761610000e5eb85e8c6cc75e2810460c84564
Taylor Swift,https://i.scdn.co/image/ab6761610000e5eb5a00969a4698c3132a15fbb0
Norah Jones,https://i.scdn.co/image/ab6761610000e5eb38b431c35d7c9f7bbcb2378a
Drowning Pool,https://i.scdn.co/image/ab6761610000e5ebdb221831a9249d95c65edc3b
The Distillers,https://i.scdn.co/image/ab6761610000e5eb34f7e41698b038806c2ce7bb
Jack White,https://i.scdn.co/image/ab6761610000e5eb1a8b7c92db7199450ed040e6
The Moody Blues,https://i.scdn.co/image/ab6761610000e5eb8beccf59fd551fff989deae1
Guano Apes,https://i.scdn.co/image/ab6761610000e5eb28debdd79cb4e95c505fbf2c
Rancid,https://i.scdn.co/image/ab6761610000e5eb9ef1337f472668ab2c5aedcd
Metric,https://i.scdn.co/image/ab6761610000e5ebe0812e8d85a4cc98cbc3bf2c
José González,
Borknagar,https://i.scdn.co/image/ab6761610000e5eb1928c0bb306d52dc53755f92
The Libertines,https://i.scdn.co/image/ab6761610000e5eb61d20c833fde829e5ac32ad6
Destroyer,https://i.scdn.co/image/ab6761610000e5eb5a06b396f61778ebc0747b55
The Zombies,https://i.scdn.co/image/ab6761610000e5eb4bbeb54a562d3de858825979
Carpathian Forest,https://i.scdn.co/image/ab67616d0000b2736b498756cfe25476a4fb5857
Balmorhea,https://i.scdn.co/image/ab6761610000e5eb79ae7fc26defca3ca2d11906
Eels,https://i.scdn.co/image/ab6761610000e5eb70fc0f8e1eece53e15f1db17
MGMT,https://i.scdn.co/image/ab6761610000e5eb089bb3257ef5b3fab2a3c90d
Yeah Yeah Yeahs,https://i.scdn.co/image/ab6761610000e5eb0185e7016121628470a1b73b
Sleep,https://i.scdn.co/image/ab6761610000e5ebb36931f79c04ab8418391515
OK Go,https://i.scdn.co/image/0cf0e41aef321054144f04e14367ada61c2b1403
City and Colour,https://i.scdn.co/image/ab6761610000e5eb6f6ab205b00d577d11283cf7
Finch,https://i.scdn.co/image/49ccb00ee161c1411552bef63072623aa46342cd
Architecture in Helsinki,https://i.scdn.co/image/5736155eedb5ac526b9cce7f4b10a191509dbf4c
The Flaming Lips,https://i.scdn.co/image/ab6761610000e5ebbaf865cbf7ef15f97d6ef1fe
Black Star,https://i.scdn.co/image/ab6772690000c46c4fb3d1d728a560f53532b687
Emperor,https://i.scdn.co/image/ab6761610000e5eb43f059f576a7f1bea9b6785b
Matt & Kim,https://i.scdn.co/image/ab6761610000e5eb495d9462a061ff93ccb84c27
Kasabian,https://i.scdn.co/image/ab6761610000e5eba0f16c3763233f2353693803
Eagles,https://i.scdn.co/image/ab6761610000e5eb0767e116a2307495e37cd7fb
The Rolling Stones,https://i.scdn.co/image/ab6761610000e5ebd3cb15a8570cce5a63af63d8
Mac DeMarco,https://i.scdn.co/image/ab6761610000e5eb3cef7752073cbbd2cc04c6f0
Cute Is What We Aim For,https://i.scdn.co/image/17bbd2564a198a047fd824bd363a1d2554884f4e
Darkside,https://i.scdn.co/image/ab6761610000e5ebb02ea4f0f09b9a8134ba152d
The Weeknd,https://i.scdn.co/image/ab6761610000e5eb01b9b4ec2a05d0805428acfa
Bright Eyes,https://i.scdn.co/image/ab6761610000e5eb02abd6ee4d0be5916d415f97
Bat for Lashes,https://i.scdn.co/image/ab6761610000e5eb548fe384458a189e68cdf8fe
David Gray,https://i.scdn.co/image/ab6761610000e5ebc653929290ae14a9ea5db071
Winds of Plague,https://i.scdn.co/image/ab6761610000e5eb239581de4beade5b5681ea2e
Creedence Clearwater Revival,https://i.scdn.co/image/ab6761610000e5ebd2e2b04b7ba5d60b72f54506
The Microphones,https://i.scdn.co/image/866667893c025a6bc6ae4e6e9a79f57c54f65429
Thrice,https://i.scdn.co/image/ab6761610000e5eb6a29072c320c99c245fe24e2
UNKLE,https://i.scdn.co/image/ab6761610000e5ebac89f1cb4f6881854f55f761
Ed Sheeran,https://i.scdn.co/image/ab6761610000e5eb9e690225ad4445530612ccc9
Tycho,https://i.scdn.co/image/ab6761610000e5eb67dc5ddf98393f695a28968d
Arch Enemy,https://i.scdn.co/image/ab6761610000e5ebb56d14cd84327f2eb5c481b3
The All-American Rejects,https://i.scdn.co/image/ab6761610000e5ebb57332e3fc2b97bb33577e65
The Get Up Kids,https://i.scdn.co/image/ab6761610000e5eb999da14c4a6ab491b890156e
Jamie Woon,https://i.scdn.co/image/ab6761610000e5eba22149483d828164e3d25e4d
múm,
Metro Station,https://i.scdn.co/image/ab6761610000e5ebe3a236c31e0350ea0984af8d
Steve Miller Band,https://i.scdn.co/image/ab6761610000e5eb624ddceb90bdf808ed4e2e35
Zero 7,https://i.scdn.co/image/ab6761610000e5eb85c10aefe83110535eea474c
The Black Dahlia Murder,https://i.scdn.co/image/ab6761610000e5eb048a07a10c4594fdcc8153f7
Emilíana Torrini,
The Who,https://i.scdn.co/image/9cd709cabb4a614b4f1dd9ec256a5f30e21f0150
Flight of the Conchords,https://i.scdn.co/image/ab6772690000c46cca389bd3b03be11e3eb7256d
The Sisters of Mercy,https://i.scdn.co/image/ab6772690000c46c03b289e65e04e99ca9c1e6ed
Dispatch,https://i.scdn.co/image/ab6761610000e5eb18e51db3734591bc6278e52a
Benny Benassi,https://i.scdn.co/image/ab6761610000e5eb66b3b7a685d928ca372956ea
Justin Timberlake,https://i.scdn.co/image/ab6761610000e5eb9d3f9efc8e0030306e583cef
Dr. Dre,https://i.scdn.co/image/83d2489cade1dadcdc533ddbcd74993d0ca6d4cb
Elliott Smith,https://i.scdn.co/image/ab6761610000e5eb079739b801ab3f105866b76f
Aesop Rock,https://i.scdn.co/image/ab6761610000e5ebf5378bf885b600b20c7bdb49
Megadeth,https://i.scdn.co/image/ab6761610000e5eb79058c0b634631533ed40b22
Neutral Milk Hotel,https://i.scdn.co/image/731f5f71de27c36300d2cf71a7f9cd7f389d0bf7
Common,https://i.scdn.co/image/ab6761610000e5ebfb368ffc33165c47d45ec2cc
Hans Zimmer,https://i.scdn.co/image/ab6761610000e5eb371632043a8c12bb7eeeaf9d
Razorlight,https://i.scdn.co/image/ab6761610000e5eb1f353889dbfb73f6c8dbbdd7
Beherit,https://i.scdn.co/image/ab67616d0000b2734543b02d4695bd991f0df426
Nirvana,https://i.scdn.co/image/84282c28d851a700132356381fcfbadc67ff498b
Tegan and Sara,https://i.scdn.co/image/ab6761610000e5ebb6517a925a998cfebdecc8bd
Electric Light Orchestra,https://i.scdn.co/image/ab6761610000e5eb3f289b61b4d965ce54e31841
August Burns Red,https://i.scdn.co/image/ab6761610000e5eb64e552a08f94aedda5d1df5a
Jimi Hendrix,https://i.scdn.co/image/ab6761610000e5eb31f6ab67e6025de876475814
Drake,https://i.scdn.co/image/ab6761610000e5eb4293385d324db8558179afd9
Peter Bjorn and John,https://i.scdn.co/image/ab6761610000e5eb9cc950721c840af3679622f3
Tom Waits,https://i.scdn.co/image/ab6761610000e5eb940a62362f85e8ab9c84b791
Deltron 3030,https://i.scdn.co/image/ab6761610000e5eba94efd9c009b574902667a0a
Kaiser Chiefs,https://i.scdn.co/image/ab6761610000e5eb764276da0b0e5a36764eb714
Silverchair,https://i.scdn.co/image/b362d7cd057ae8affb562483a0c1780172fba9f2
Girl Talk,https://i.scdn.co/image/ab6761610000e5eb04448970e3353ab9b51d1ad5
Nelly,https://i.scdn.co/image/3677690af58abb70a5c5fd58d69db4d1ad705d4f
Burzum,https://i.scdn.co/image/0381707e5447e8b98a0a64a25c0f15f97e444d5c
Galaxie 500,https://i.scdn.co/image/ab6761610000e5ebefd9a324798d368dde6ec5ef
The Sounds,https://i.scdn.co/image/ab6761610000e5eb8dfb498531eb893afa1fa10e
Squeeze,https://i.scdn.co/image/ab6761610000e5ebca2593dd5b5fb2ceb020091e
Flyleaf,https://i.scdn.co/image/ab6761610000e5ebf806c08eef7d367476b561d0
Genesis,https://i.scdn.co/image/ab6761610000e5ebdfb2b3c69199bc2dfbf3e5b9
Little Joy,https://i.scdn.co/image/e2fd41df681682dd5939ae81805e53ce2d18374b
Ben Folds Five,https://i.scdn.co/image/92a8fbbe68b87001e1d096a4b1b7d1a29fdd364d
Beastie Boys,https://i.scdn.co/image/705bcd56dc5dbf9ebc578a3ba8094e6d622862c2
Thom Yorke,https://i.scdn.co/image/ab6761610000e5eb3153f6fe26063cfcbfc57677
Woods of Ypres,https://i.scdn.co/image/ab67616d0000b273a7e4d2b8e3514866dd34720b
Miley Cyrus,https://i.scdn.co/image/ab6761610000e5eb7e8110a92ec2252f0821f8b8
Lady Gaga,https://i.scdn.co/image/ab6761610000e5ebc8d3d98a1bccbe71393dbfbf
Caspian,https://i.scdn.co/image/ab6761610000e5eb430da8342d113035178500e9
Trapt,https://i.scdn.co/image/ab6761610000e5ebebe6c7fce59580ebcc0e1630
Thyrfing,https://i.scdn.co/image/ab6761610000e5eb13f9f4f19f36b9da436084b3
Katatonia,https://i.scdn.co/image/ab6761610000e5eba65f5211ef06d534018b7a11
Neaera,https://i.scdn.co/image/ab67616d0000b273366e7dbf99563b08108b770c
Dead Can Dance,https://i.scdn.co/image/ab6761610000e5eb78778cb912b8e423c58dcca4
Anti-Flag,https://i.scdn.co/image/ab6761610000e5ebb89b881404778f9a2f8dd4e5
Evanescence,https://i.scdn.co/image/ab6761610000e5eb7ecf213c7dd78e0049379c5b
Angels & Airwaves,https://i.scdn.co/image/ab6761610000e5eb9bf03fdd68eecd329f9fde6e
Sum 41,https://i.scdn.co/image/ab6761610000e5eba79683a6e828e1a86341414c
